,x,y,z,subject
0,0.04,0.02,1.0,1
1,0.04,0.02,1.0,1
2,0.04,0.03,1.0,1
3,0.04,0.02,1.0,1
4,0.04,0.03,1.0,1
5,0.04,0.03,1.0,1
6,0.04,0.03,1.0,1
7,0.04,0.04,1.0,1
8,0.04,0.02,1.0,1
9,0.04,0.02,1.0,1
10,0.04,0.03,1.0,1
11,0.04,0.02,1.0,1
12,0.04,0.03,1.0,1
13,0.04,0.03,1.0,1
14,0.04,0.03,1.0,1
15,0.04,0.04,1.0,1
16,0.04,0.02,1.0,1
17,0.04,0.02,1.0,1
18,0.04,0.03,1.0,1
19,0.04,0.02,1.0,1
20,0.04,0.03,1.0,1
21,0.04,0.03,1.0,1
22,0.04,0.02,1.0,1
23,0.04,0.03,1.0,1
24,0.04,0.03,1.0,1
25,0.04,0.03,1.0,1
26,0.04,0.02,1.0,1
27,0.04,0.03,1.0,1
28,0.04,0.03,1.0,1
29,0.04,0.03,1.0,1
30,0.04,0.03,1.0,1
31,0.04,0.03,1.0,1
32,0.04,0.03,1.0,1
33,0.04,0.03,1.0,1
34,0.04,0.03,1.0,1
35,0.04,0.03,1.0,1
36,0.04,0.02,1.0,1
37,0.04,0.03,1.01,1
38,0.04,0.03,1.0,1
39,0.04,0.03,1.0,1
40,0.04,0.03,1.0,1
41,0.04,0.03,1.0,1
42,0.04,0.03,1.0,1
43,0.04,0.03,1.0,1
44,0.06,-0.05,1.0,1
45,0.04,0.03,1.0,1
46,-0.01,0.03,1.05,1
47,0.0,0.05,1.14,1
48,-0.11,0.12,0.96,1
49,-0.25,-0.15,1.14,1
50,-0.28,0.09,1.04,1
51,-0.39,-0.05,1.17,1
52,-0.51,-0.08,0.75,1
53,-0.37,0.17,0.75,1
54,-0.5,0.02,1.04,1
55,-0.6,-0.05,0.71,1
56,-0.61,-0.04,0.69,1
57,-0.59,0.04,0.77,1
58,-0.68,0.03,0.7,1
59,-0.63,0.03,0.85,1
60,-0.62,0.04,0.8,1
61,-0.52,-0.04,0.89,1
62,-0.57,-0.02,0.8,1
63,-0.32,0.14,0.85,1
64,-0.34,-0.12,0.96,1
65,-0.1,0.06,1.05,1
66,0.03,-0.02,1.0,1
67,0.08,0.02,1.01,1
68,0.11,-0.04,0.74,1
69,0.1,0.0,1.04,1
70,0.1,-0.04,0.87,1
71,0.09,0.02,0.99,1
72,0.01,0.03,1.15,1
73,0.04,0.03,1.0,1
74,0.04,0.03,1.0,1
75,0.04,0.03,1.0,1
76,0.04,0.03,1.0,1
77,0.04,0.03,1.0,1
78,0.04,0.03,1.0,1
79,0.04,0.03,1.0,1
80,0.04,0.03,1.0,1
81,0.04,0.02,1.0,1
82,0.04,0.02,1.0,1
83,0.04,0.03,1.0,1
84,0.04,0.02,1.01,1
85,0.04,0.03,1.01,1
86,0.04,0.02,1.0,1
87,0.04,0.03,1.0,1
88,0.04,0.03,1.0,1
89,0.04,0.03,1.0,1
90,0.04,0.03,1.0,1
91,0.04,0.03,1.0,1
92,0.04,0.03,1.0,1
93,0.04,0.03,1.0,1
94,0.04,0.03,1.0,1
95,0.04,0.03,1.0,1
96,0.04,0.02,1.0,1
97,0.04,0.03,1.0,1
98,0.04,0.03,1.0,1
99,0.04,0.02,1.0,1
100,0.04,0.02,1.0,1
101,0.04,0.03,1.0,1
102,0.04,0.03,1.01,1
103,0.04,0.03,1.0,1
104,0.04,0.03,1.0,1
105,0.04,0.03,1.0,1
106,0.04,0.03,1.0,1
107,0.04,0.03,1.0,1
108,0.04,0.03,1.0,1
109,0.04,0.03,1.0,1
110,0.04,0.03,1.01,1
111,0.04,0.03,1.0,1
112,0.04,0.03,1.0,1
113,0.04,0.03,1.0,1
114,0.04,0.03,1.0,1
115,0.04,0.03,1.0,1
116,0.04,0.03,1.0,1
117,0.04,0.03,1.0,1
118,0.02,0.02,1.0,1
119,0.04,0.03,1.0,1
120,0.04,0.01,1.01,1
121,-0.02,0.02,1.01,1
122,-0.1,0.06,1.07,1
123,-0.02,0.06,0.95,1
124,-0.04,0.04,0.98,1
125,-0.06,0.2,0.97,1
126,-0.3,0.01,1.08,1
127,-0.36,0.16,0.91,1
128,-0.5,-0.04,1.04,1
129,-0.56,0.01,0.78,1
130,-0.58,0.01,0.78,1
131,-0.58,0.06,0.71,1
132,-0.61,0.01,0.91,1
133,-0.59,0.06,0.71,1
134,-0.55,0.12,0.9,1
135,-0.46,0.07,0.87,1
136,-0.31,0.05,0.84,1
137,-0.2,0.01,1.04,1
138,-0.03,0.06,1.06,1
139,0.0,0.03,1.07,1
140,0.1,0.02,0.99,1
141,0.01,-0.02,1.14,1
142,0.09,-0.05,1.18,1
143,0.02,-0.01,1.0,1
144,0.04,0.03,1.0,1
145,0.02,0.04,1.01,1
146,0.04,0.03,1.0,1
147,0.04,0.03,1.0,1
148,0.04,0.03,1.0,1
149,0.04,0.03,1.0,1
150,0.04,0.03,1.0,1
151,0.04,0.03,1.0,1
152,0.04,0.03,1.0,1
153,0.04,0.03,1.0,1
154,0.04,0.03,1.0,1
155,0.04,0.03,1.0,1
156,0.04,0.03,1.0,1
157,0.04,0.03,1.0,1
158,0.04,0.03,1.0,1
159,0.04,0.03,1.01,1
160,0.04,0.03,1.0,1
161,0.04,0.03,1.0,1
162,0.04,0.03,1.0,1
163,0.04,0.03,1.0,1
164,0.04,0.03,1.0,1
165,0.04,0.03,1.0,1
166,0.04,0.03,1.0,1
167,0.04,0.03,1.0,1
168,0.04,0.03,1.0,1
169,0.04,0.03,1.0,1
170,0.04,0.03,1.0,1
171,0.04,0.03,1.0,1
172,0.04,0.02,1.0,1
173,0.04,0.03,1.0,1
174,0.04,0.02,1.0,1
175,0.04,0.03,1.0,1
176,0.04,0.03,1.0,1
177,0.04,0.03,1.0,1
178,0.04,0.03,1.0,1
179,0.04,0.03,1.0,1
180,0.04,0.03,1.0,1
181,0.04,0.03,1.0,1
182,0.04,0.03,1.0,1
183,0.04,0.03,1.0,1
184,0.04,0.03,1.0,1
185,0.04,0.03,1.0,1
186,0.05,0.02,1.0,1
187,0.01,0.07,0.99,1
188,-0.02,0.04,1.04,1
189,-0.12,0.1,0.88,1
190,-0.32,0.0,1.17,1
191,-0.33,0.14,0.98,1
192,-0.39,0.18,0.92,1
193,-0.5,0.09,0.79,1
194,-0.59,0.11,0.65,1
195,-0.58,0.12,0.79,1
196,-0.64,0.01,0.79,1
197,-0.62,0.08,0.79,1
198,-0.62,0.14,0.76,1
199,-0.63,0.07,0.77,1
200,-0.64,0.0,0.86,1
201,-0.59,0.07,0.95,1
202,-0.5,0.13,0.77,1
203,-0.34,0.13,0.84,1
204,-0.21,0.2,1.04,1
205,0.0,0.02,0.91,1
206,0.05,0.01,0.97,1
207,0.06,0.01,0.99,1
208,-0.05,0.06,0.96,1
209,0.07,0.01,0.95,1
210,0.06,0.07,1.0,1
211,0.04,0.03,1.0,1
212,0.04,0.03,1.0,1
213,0.04,0.03,1.0,1
214,0.04,0.03,1.0,1
215,0.04,0.03,1.0,1
216,0.04,0.03,1.0,1
217,0.04,0.03,1.0,1
218,0.04,0.02,1.0,1
219,0.04,0.03,1.0,1
220,0.04,0.02,1.0,1
221,0.04,0.03,1.0,1
222,0.04,0.03,1.0,1
223,0.04,0.03,1.0,1
224,0.04,0.02,1.0,1
225,0.04,0.03,1.0,1
226,0.04,0.03,1.0,1
227,0.04,0.03,1.0,1
228,0.04,0.03,1.0,1
229,0.04,0.03,1.0,1
230,0.04,0.03,1.0,1
231,0.04,0.03,1.0,1
232,0.04,0.03,1.0,1
233,0.04,0.03,1.0,1
234,0.04,0.03,1.0,1
235,0.04,0.03,1.0,1
236,0.04,0.03,1.0,1
237,0.04,0.03,1.0,1
238,0.04,0.03,1.0,1
239,0.04,0.03,1.0,1
240,0.04,0.03,1.0,1
241,0.04,0.03,1.0,1
242,0.04,0.03,1.0,1
243,0.04,0.03,1.0,1
244,0.04,0.03,1.01,1
245,0.04,0.02,1.0,1
246,0.04,0.03,1.01,1
247,0.04,0.03,1.0,1
248,0.04,0.02,1.0,1
249,0.04,0.03,1.0,1
250,0.04,0.03,1.0,1
251,0.04,0.03,1.0,1
252,0.04,0.03,1.0,1
253,0.1,0.14,1.0,1
254,0.06,0.01,1.0,1
255,0.0,0.05,1.02,1
256,-0.08,0.01,1.21,1
257,-0.32,0.0,1.44,1
258,-0.28,0.04,0.92,1
259,-0.43,0.14,1.1,1
260,-0.55,0.07,0.72,1
261,-0.64,0.1,0.76,1
262,-0.57,0.13,0.76,1
263,-0.59,0.11,0.87,1
264,-0.63,0.12,0.74,1
265,-0.63,0.08,0.76,1
266,-0.61,0.12,0.75,1
267,-0.63,0.13,0.75,1
268,-0.52,0.06,0.93,1
269,-0.29,0.02,0.91,1
270,-0.17,0.11,0.8,1
271,-0.02,0.13,1.05,1
272,0.02,0.1,1.05,1
273,0.05,0.04,1.04,1
274,0.08,0.02,0.92,1
275,0.06,0.04,0.96,1
276,0.05,0.02,1.03,1
277,0.04,0.02,1.0,1
278,0.04,0.03,1.0,1
279,0.04,0.03,1.0,1
280,0.04,0.03,1.0,1
281,0.04,0.03,1.0,1
282,0.04,0.03,1.0,1
283,0.04,0.03,1.0,1
284,0.04,0.03,1.0,1
285,0.04,0.03,1.0,1
286,0.04,0.02,1.0,1
287,0.04,0.03,1.0,1
288,0.04,0.03,1.0,1
289,0.04,0.02,1.0,1
290,0.04,0.03,1.0,1
291,0.04,0.03,1.0,1
292,0.04,0.02,1.0,1
293,0.04,0.03,1.0,1
294,0.04,0.03,1.0,1
295,0.04,0.03,1.0,1
296,0.04,0.03,1.0,1
297,0.04,0.03,1.0,1
298,0.04,0.03,1.0,1
299,0.04,0.03,1.0,1
300,0.04,0.03,1.0,1
301,0.04,0.03,1.0,1
302,0.04,0.03,1.0,1
303,0.04,0.03,1.01,1
304,0.04,0.03,1.0,1
305,0.04,0.03,1.0,1
306,0.04,0.03,1.0,1
307,0.04,0.02,1.0,1
308,0.04,0.03,1.0,1
309,0.04,0.03,1.0,1
310,0.04,0.03,1.0,1
311,0.04,0.03,1.0,1
312,0.04,0.02,1.0,1
313,0.04,0.03,1.0,1
314,0.04,0.02,1.0,1
315,0.04,0.02,1.0,1
316,0.04,0.03,1.0,1
317,0.05,0.02,1.0,1
318,0.02,0.02,1.04,1
319,0.01,0.03,1.08,1
320,-0.11,0.04,1.21,1
321,-0.3,-0.08,1.18,1
322,-0.29,0.26,1.04,1
323,-0.59,0.13,0.65,1
324,-0.62,0.09,0.8,1
325,-0.7,0.0,0.88,1
326,-0.7,0.0,0.59,1
327,-0.66,0.09,0.77,1
328,-0.65,0.06,0.75,1
329,-0.57,0.06,0.76,1
330,-0.6,0.03,0.93,1
331,-0.32,0.21,0.88,1
332,-0.19,-0.01,1.07,1
333,0.05,0.08,1.01,1
334,0.15,0.02,0.93,1
335,0.08,0.12,1.0,1
336,0.05,0.1,1.2,1
337,0.06,0.06,0.9,1
338,0.04,0.04,1.0,1
339,0.04,0.03,1.01,1
340,0.04,0.03,1.0,1
341,0.04,0.03,1.0,1
342,0.04,0.03,1.0,1
343,0.04,0.03,1.0,1
344,0.04,0.03,1.0,1
345,0.04,0.02,1.0,1
346,0.04,0.02,1.0,1
347,0.04,0.03,1.0,1
348,0.04,0.03,1.0,1
349,0.04,0.03,1.0,1
350,0.04,0.03,1.01,1
351,0.04,0.03,1.0,1
352,0.04,0.03,1.0,1
353,0.04,0.03,1.0,1
354,0.04,0.03,1.0,1
355,0.04,0.03,1.0,1
356,0.04,0.03,1.0,1
357,0.04,0.03,1.0,1
358,0.04,0.03,1.0,1
359,0.04,0.03,1.0,1
360,0.04,0.03,1.0,1
361,0.04,0.03,1.0,1
362,0.04,0.03,1.0,1
363,0.04,0.03,1.0,1
364,0.04,0.03,1.0,1
365,0.04,0.03,1.0,1
366,0.04,0.03,1.0,1
367,0.04,0.03,1.0,1
368,0.04,0.03,1.0,1
369,0.04,0.02,1.0,1
370,0.04,0.02,1.0,1
371,0.04,0.03,1.0,1
372,0.04,0.03,1.0,1
373,0.04,0.03,1.0,1
374,0.04,0.03,1.0,1
375,0.04,0.04,1.0,1
376,0.0,0.02,1.0,1
377,-0.12,-0.01,1.01,1
378,-0.17,0.1,1.0,1
379,-0.19,-0.01,0.89,1
380,-0.23,0.23,0.9,1
381,-0.39,0.03,0.82,1
382,-0.5,0.06,0.9,1
383,-0.63,0.11,0.83,1
384,-0.64,0.03,0.88,1
385,-0.65,0.06,0.79,1
386,-0.63,0.1,0.8,1
387,-0.55,0.04,0.91,1
388,-0.41,0.15,0.86,1
389,-0.15,0.14,0.91,1
390,-0.09,0.27,0.96,1
391,0.12,-0.02,0.86,1
392,0.02,-0.05,0.99,1
393,0.07,0.03,1.0,1
394,0.01,0.09,0.97,1
395,0.06,0.0,0.93,1
396,0.04,0.04,1.04,1
397,0.03,0.02,1.0,1
398,0.04,0.03,1.0,1
399,0.04,0.03,1.0,1
400,0.04,0.03,1.0,1
401,0.04,0.03,1.0,1
402,0.05,0.03,1.0,1
403,0.04,0.03,1.0,1
404,0.04,0.03,1.01,1
405,0.04,0.03,1.0,1
406,0.04,0.03,1.0,1
407,0.04,0.03,1.0,1
408,0.04,0.03,1.0,1
409,0.04,0.03,1.0,1
410,0.04,0.03,1.0,1
411,0.04,0.03,1.0,1
412,0.04,0.03,1.0,1
413,0.04,0.02,1.0,1
414,0.04,0.03,1.0,1
415,0.04,0.02,1.0,1
416,0.04,0.03,1.0,1
417,0.04,0.03,1.0,1
418,0.04,0.03,1.0,1
419,0.04,0.03,1.0,1
420,0.04,0.02,1.01,1
421,0.04,0.03,1.0,1
422,0.04,0.03,1.0,1
423,0.04,0.03,1.01,1
424,0.04,0.03,1.0,1
425,0.04,0.03,1.0,1
426,0.04,0.03,1.0,1
427,0.04,0.03,1.0,1
428,0.04,0.03,1.0,1
429,0.04,0.03,1.0,1
0,0.04,0.03,1.0,2
1,0.04,0.03,1.01,2
2,0.04,0.03,1.0,2
3,0.04,0.02,1.0,2
4,0.04,0.03,1.0,2
5,0.04,0.03,1.0,2
6,0.04,0.03,1.0,2
7,0.04,0.03,1.0,2
8,0.04,0.03,1.0,2
9,0.04,0.03,1.01,2
10,0.04,0.03,1.0,2
11,0.04,0.02,1.0,2
12,0.04,0.02,1.0,2
13,0.04,0.03,1.0,2
14,0.04,0.02,1.0,2
15,0.04,0.02,1.0,2
16,0.04,0.02,1.0,2
17,0.04,0.02,1.0,2
18,0.04,0.02,1.0,2
19,0.04,0.02,1.0,2
20,0.04,0.03,1.0,2
21,0.04,0.03,1.0,2
22,0.04,0.02,1.0,2
23,0.04,0.03,1.0,2
24,0.04,0.03,1.0,2
25,0.04,0.03,1.0,2
26,0.04,0.03,1.0,2
27,0.04,0.03,1.0,2
28,0.04,0.02,1.0,2
29,0.04,0.02,1.0,2
30,0.04,0.02,1.0,2
31,0.04,0.03,1.01,2
32,0.04,0.03,1.0,2
33,0.04,0.02,1.0,2
34,0.04,0.03,1.0,2
35,0.04,0.02,1.0,2
36,0.04,0.02,1.0,2
37,0.04,0.02,1.0,2
38,0.04,0.02,1.0,2
39,0.04,0.02,1.0,2
40,0.04,0.03,1.0,2
41,0.04,0.02,1.0,2
42,0.04,0.02,1.0,2
43,0.04,0.02,1.0,2
44,0.04,0.02,1.0,2
45,-0.06,0.0,1.01,2
46,-0.08,0.01,1.06,2
47,-0.52,0.09,1.24,2
48,-0.42,0.12,0.99,2
49,-0.64,0.25,0.57,2
50,-0.91,0.3,0.4,2
51,-0.92,0.07,0.35,2
52,-0.99,0.25,0.12,2
53,-1.0,0.2,0.23,2
54,-0.89,0.09,0.51,2
55,-0.77,0.39,0.51,2
56,-0.4,0.36,0.72,2
57,-0.2,0.03,0.73,2
58,-0.01,0.31,1.32,2
59,-0.03,0.26,1.07,2
60,0.02,-0.02,0.89,2
61,0.0,0.05,1.0,2
62,0.03,0.03,1.0,2
63,0.04,0.02,1.0,2
64,0.04,0.02,1.0,2
65,0.04,0.02,1.0,2
66,0.04,0.03,1.0,2
67,0.04,0.02,1.0,2
68,0.07,0.06,1.0,2
69,0.04,0.03,1.0,2
70,0.04,0.03,1.0,2
71,0.04,0.03,1.0,2
72,0.04,0.03,1.0,2
73,0.04,0.03,1.0,2
74,0.04,0.03,1.0,2
75,0.04,0.02,1.0,2
76,0.04,0.02,1.0,2
77,0.04,0.02,1.0,2
78,0.04,0.02,1.0,2
79,0.04,0.03,1.0,2
80,0.04,0.02,1.0,2
81,0.04,0.02,1.0,2
82,0.04,0.02,1.0,2
83,0.04,0.03,1.0,2
84,0.04,0.02,1.0,2
85,0.04,0.02,1.0,2
86,0.04,0.03,1.0,2
87,0.03,0.02,1.0,2
88,0.04,0.02,1.0,2
89,0.04,0.03,1.0,2
90,0.04,0.02,1.0,2
91,0.04,0.02,1.0,2
92,0.0,0.04,1.05,2
93,-0.19,0.08,1.06,2
94,-0.34,0.05,1.22,2
95,-0.55,0.25,0.68,2
96,-0.75,0.13,0.71,2
97,-0.9,0.2,0.33,2
98,-0.92,0.14,0.27,2
99,-0.95,0.16,0.12,2
100,-1.02,0.12,0.2,2
101,-0.96,0.14,0.24,2
102,-0.84,0.07,0.84,2
103,-0.38,0.7,0.59,2
104,-0.09,-0.01,0.66,2
105,-0.1,0.09,1.06,2
106,-0.16,0.04,0.98,2
107,-0.04,0.06,1.0,2
108,0.03,0.0,0.99,2
109,0.04,0.02,1.0,2
110,0.04,0.02,1.0,2
111,0.04,0.03,1.0,2
112,0.04,0.02,1.0,2
113,0.04,0.02,1.0,2
114,0.04,0.03,1.0,2
115,0.04,0.02,1.0,2
116,0.04,0.02,1.0,2
117,0.04,0.03,1.0,2
118,0.04,0.03,1.01,2
119,0.04,0.02,1.0,2
120,0.04,0.02,1.0,2
121,0.04,0.03,1.0,2
122,0.04,0.03,1.0,2
123,0.04,0.02,1.0,2
124,0.04,0.03,1.0,2
125,0.04,0.02,1.0,2
126,0.04,0.02,1.0,2
127,0.04,0.02,1.0,2
128,0.04,0.02,1.0,2
129,0.04,0.02,1.0,2
130,0.04,0.02,1.0,2
131,0.04,0.03,1.0,2
132,0.04,0.02,1.0,2
133,0.04,0.02,1.0,2
134,0.04,0.02,1.0,2
135,0.04,0.03,1.0,2
136,0.04,0.03,1.0,2
137,0.04,0.03,1.0,2
138,0.04,0.03,1.0,2
139,0.04,0.02,1.0,2
140,0.04,-0.14,1.0,2
141,-0.05,0.02,1.02,2
142,-0.11,0.17,1.07,2
143,-0.34,0.09,1.29,2
144,-0.48,0.29,0.82,2
145,-0.62,0.14,0.86,2
146,-0.91,0.2,0.37,2
147,-0.93,0.13,0.26,2
148,-0.93,0.18,0.26,2
149,-1.0,0.14,0.16,2
150,-0.79,0.08,0.41,2
151,-0.71,0.27,0.36,2
152,-0.81,-0.29,1.08,2
153,-0.37,0.38,0.95,2
154,-0.02,0.04,0.77,2
155,-0.04,0.12,1.12,2
156,-0.0,0.11,0.96,2
157,0.01,0.05,1.0,2
158,0.04,0.03,1.0,2
159,0.04,0.02,1.0,2
160,0.04,0.03,1.0,2
161,0.04,0.02,1.0,2
162,0.04,0.02,1.0,2
163,0.04,0.02,1.0,2
164,0.04,0.03,1.0,2
165,0.04,0.02,1.0,2
166,0.04,0.02,1.0,2
167,0.04,0.02,1.0,2
168,0.04,0.03,1.0,2
169,0.04,0.02,1.0,2
170,0.04,0.02,1.0,2
171,0.04,0.02,1.0,2
172,0.04,0.03,1.0,2
173,0.04,0.03,1.0,2
174,0.04,0.03,1.0,2
175,0.04,0.02,1.0,2
176,0.04,0.03,1.0,2
177,0.04,0.02,1.0,2
178,0.04,0.02,1.0,2
179,0.04,0.02,1.0,2
180,0.04,0.03,1.0,2
181,0.04,0.02,1.0,2
182,0.04,0.02,1.0,2
183,0.04,0.02,1.0,2
184,0.04,0.02,1.0,2
185,0.04,0.03,1.0,2
186,0.04,0.03,1.0,2
187,0.04,0.03,1.0,2
188,0.04,0.02,1.0,2
189,0.04,0.03,1.0,2
190,0.05,0.07,1.0,2
191,0.01,0.0,1.02,2
192,-0.15,0.06,1.07,2
193,-0.2,0.11,1.13,2
194,-0.5,0.34,0.65,2
195,-0.65,0.27,0.65,2
196,-0.82,0.14,0.5,2
197,-0.91,0.21,0.27,2
198,-0.96,0.21,0.23,2
199,-0.98,0.23,0.12,2
200,-0.91,0.14,0.37,2
201,-0.89,0.2,0.36,2
202,-0.55,0.43,0.69,2
203,-0.29,0.12,0.95,2
204,-0.16,0.02,0.92,2
205,-0.07,0.12,1.25,2
206,-0.06,0.18,0.89,2
207,-0.03,0.09,0.98,2
208,0.03,0.04,1.0,2
209,0.08,0.0,0.96,2
210,0.04,0.03,1.0,2
211,0.04,0.03,1.0,2
212,0.04,0.03,1.0,2
213,0.04,0.02,1.0,2
214,0.04,0.02,1.0,2
215,0.04,0.02,1.0,2
216,0.04,0.03,1.0,2
217,0.04,0.02,1.0,2
218,0.04,0.03,1.0,2
219,0.04,0.03,1.0,2
220,0.04,0.02,1.0,2
221,0.04,0.02,1.0,2
222,0.04,0.03,1.0,2
223,0.04,0.02,1.0,2
224,0.04,0.03,1.0,2
225,0.04,0.02,1.0,2
226,0.03,0.02,1.0,2
227,0.04,0.03,1.0,2
228,0.04,0.03,1.0,2
229,0.04,0.03,1.0,2
230,0.04,0.03,1.0,2
231,0.04,0.03,1.0,2
232,0.04,0.03,1.0,2
233,0.04,0.02,1.0,2
234,0.04,0.03,1.0,2
235,0.04,0.02,1.0,2
236,0.04,0.03,1.0,2
237,0.04,0.02,1.0,2
238,0.04,0.03,1.0,2
239,0.04,0.03,1.0,2
240,0.04,0.02,1.0,2
241,0.0,-0.01,1.02,2
242,-0.17,0.0,1.06,2
243,-0.39,0.09,0.77,2
244,-0.41,0.09,0.62,2
245,-0.64,0.03,0.73,2
246,-0.66,0.09,0.64,2
247,-0.91,0.25,0.35,2
248,-0.95,0.25,0.14,2
249,-0.94,0.08,0.15,2
250,-0.92,0.14,0.3,2
251,-0.9,0.31,0.22,2
252,-0.56,-0.04,0.88,2
253,-0.38,0.93,0.9,2
254,-0.23,-0.08,0.69,2
255,-0.03,0.13,1.12,2
256,-0.08,0.08,0.98,2
257,-0.05,0.09,0.99,2
258,-0.0,0.05,1.01,2
259,0.09,-0.03,0.99,2
260,0.04,0.03,1.0,2
261,0.04,0.02,1.0,2
262,0.04,0.03,1.0,2
263,0.04,0.02,1.0,2
264,0.04,0.02,1.0,2
265,0.04,0.03,1.0,2
266,0.04,0.02,1.0,2
267,0.04,0.03,1.0,2
268,0.04,0.02,1.0,2
269,0.04,0.02,1.0,2
270,0.04,0.03,1.0,2
271,0.04,0.02,1.0,2
272,0.04,0.02,1.0,2
273,0.04,0.02,1.0,2
274,0.04,0.02,1.0,2
275,0.04,0.02,1.0,2
276,0.04,0.02,1.0,2
277,0.04,0.03,1.0,2
278,0.04,0.03,1.0,2
279,0.04,0.03,1.0,2
280,0.04,0.03,1.0,2
281,0.04,0.02,1.0,2
282,0.04,0.02,1.0,2
283,0.04,0.02,1.0,2
284,0.04,0.02,1.0,2
285,0.04,0.02,1.0,2
286,0.04,0.03,1.0,2
287,0.04,0.03,1.0,2
288,0.04,0.02,1.0,2
289,-0.01,0.08,1.03,2
290,-0.02,-0.01,1.0,2
291,-0.2,0.09,1.25,2
292,-0.35,0.15,0.73,2
293,-0.55,0.23,0.76,2
294,-0.64,0.25,0.48,2
295,-0.87,0.2,0.38,2
296,-1.0,0.29,0.16,2
297,-0.93,0.17,0.06,2
298,-0.92,0.16,0.32,2
299,-0.97,0.08,0.26,2
300,-0.54,0.21,0.82,2
301,-0.73,0.43,0.86,2
302,-0.13,0.23,0.94,2
303,-0.23,0.0,0.99,2
304,0.05,-0.06,1.09,2
305,0.01,0.01,1.05,2
306,0.03,0.07,0.98,2
307,0.03,0.03,1.03,2
308,0.02,0.02,0.98,2
309,0.04,0.02,1.01,2
310,0.04,0.02,1.0,2
311,0.05,0.02,1.0,2
312,0.04,0.02,1.0,2
313,0.04,0.03,1.0,2
314,0.04,0.03,1.0,2
315,0.04,0.02,1.0,2
316,0.04,0.03,1.0,2
317,0.04,0.02,1.0,2
318,0.04,0.03,1.0,2
319,0.04,0.02,1.0,2
320,0.04,0.03,1.0,2
321,0.04,0.02,1.0,2
322,0.04,0.03,1.0,2
323,0.04,0.02,1.0,2
324,0.04,0.03,1.0,2
325,0.04,0.02,1.0,2
326,0.04,0.02,1.0,2
327,0.04,0.02,1.01,2
328,0.04,0.02,1.0,2
329,0.04,0.02,1.0,2
330,0.04,0.02,1.0,2
331,0.04,0.03,1.0,2
332,0.04,0.03,1.0,2
333,0.04,0.03,1.0,2
334,0.04,0.02,1.0,2
335,0.04,0.03,1.0,2
336,0.04,0.03,1.01,2
337,-0.0,0.15,1.0,2
338,0.07,-0.07,1.14,2
339,-0.27,0.2,1.02,2
340,-0.36,0.16,0.61,2
341,-0.58,0.23,0.64,2
342,-0.76,0.26,0.52,2
343,-0.85,0.15,0.65,2
344,-0.91,0.15,0.22,2
345,-0.97,0.18,0.09,2
346,-0.88,0.15,0.48,2
347,-0.98,0.23,0.62,2
348,-0.59,0.25,0.61,2
349,-0.53,-0.18,0.71,2
350,-0.15,0.41,0.91,2
351,-0.06,0.15,1.2,2
352,-0.06,0.03,1.11,2
353,-0.05,0.0,0.93,2
354,0.02,0.03,1.0,2
355,0.07,0.07,1.13,2
356,0.04,0.02,1.0,2
357,0.04,0.03,1.0,2
358,0.04,0.02,1.0,2
359,0.04,0.02,1.0,2
360,0.04,0.02,1.0,2
361,0.04,0.03,1.0,2
362,0.03,0.03,1.0,2
363,0.04,0.02,1.0,2
364,0.04,0.03,1.0,2
365,0.04,0.02,1.0,2
366,0.04,0.02,1.0,2
367,0.04,0.02,1.0,2
368,0.04,0.02,1.0,2
369,0.04,0.02,1.0,2
370,0.04,0.03,1.0,2
371,0.04,0.02,1.0,2
372,0.04,0.02,1.0,2
373,0.04,0.02,1.0,2
374,0.04,0.02,1.0,2
375,0.04,0.03,1.0,2
376,0.04,0.02,1.0,2
377,0.04,0.03,1.0,2
378,0.04,0.02,1.0,2
379,0.04,0.02,1.0,2
380,0.04,0.03,1.01,2
381,0.04,0.02,1.0,2
382,0.04,0.02,1.0,2
383,0.04,0.03,1.0,2
384,0.04,0.03,1.0,2
385,0.04,0.02,1.0,2
386,0.04,0.02,1.0,2
0,0.04,0.02,1.0,3
1,0.04,0.03,1.0,3
2,0.04,0.03,1.0,3
3,0.04,0.02,1.0,3
4,0.04,0.02,1.0,3
5,0.04,0.03,1.0,3
6,0.04,0.02,1.0,3
7,0.04,0.03,1.0,3
8,0.04,0.02,1.0,3
9,0.04,0.03,1.0,3
10,0.04,0.03,1.0,3
11,0.04,0.02,1.0,3
12,0.04,0.02,1.0,3
13,0.04,0.03,1.0,3
14,0.04,0.02,1.0,3
15,0.04,0.03,1.0,3
16,0.04,0.02,1.0,3
17,0.04,0.03,1.0,3
18,0.04,0.03,1.0,3
19,0.04,0.02,1.0,3
20,0.04,0.02,1.0,3
21,0.04,0.03,1.0,3
22,0.04,0.02,1.0,3
23,0.04,0.02,1.0,3
24,0.04,0.02,1.0,3
25,0.04,0.02,1.0,3
26,0.04,0.02,1.0,3
27,0.04,0.03,1.0,3
28,0.04,0.03,1.0,3
29,0.04,0.02,1.0,3
30,0.04,0.03,1.0,3
31,0.04,0.02,1.0,3
32,0.04,0.03,1.0,3
33,0.04,0.03,1.0,3
34,0.04,0.02,1.0,3
35,0.04,0.02,1.0,3
36,0.04,0.03,1.0,3
37,0.04,0.02,1.0,3
38,0.04,0.02,1.0,3
39,0.04,0.02,1.0,3
40,0.04,0.03,1.0,3
41,0.04,0.03,1.0,3
42,0.04,0.03,1.0,3
43,0.03,0.02,1.0,3
44,0.0,0.02,1.04,3
45,-0.1,0.06,1.01,3
46,-0.22,0.09,1.0,3
47,-0.25,0.09,0.95,3
48,-0.28,0.14,1.0,3
49,-0.36,0.11,0.88,3
50,-0.4,0.1,0.89,3
51,-0.45,0.12,0.87,3
52,-0.49,0.08,0.89,3
53,-0.46,0.12,0.87,3
54,-0.44,0.11,0.91,3
55,-0.43,0.09,0.89,3
56,-0.32,0.13,0.92,3
57,-0.16,0.0,1.0,3
58,-0.11,0.12,1.0,3
59,-0.05,0.08,1.02,3
60,0.0,0.02,1.01,3
61,0.03,0.04,1.04,3
62,0.03,0.03,1.0,3
63,0.04,0.02,1.0,3
64,0.04,0.02,1.0,3
65,0.03,0.02,1.0,3
66,0.04,0.02,1.0,3
67,0.04,0.02,1.0,3
68,0.04,0.03,1.0,3
69,0.04,0.03,1.0,3
70,0.04,0.03,1.0,3
71,0.04,0.03,1.0,3
72,0.04,0.03,1.0,3
73,0.04,0.03,1.0,3
74,0.04,0.03,1.0,3
75,0.04,0.03,1.0,3
76,0.04,0.02,1.0,3
77,0.04,0.03,1.0,3
78,0.04,0.02,1.0,3
79,0.04,0.02,1.0,3
80,0.04,0.02,1.0,3
81,0.04,0.03,1.0,3
82,0.04,0.02,1.0,3
83,0.04,0.03,1.0,3
84,0.04,0.03,1.0,3
85,0.04,0.03,1.0,3
86,0.03,0.03,1.0,3
87,0.04,0.03,1.0,3
88,0.04,0.02,1.0,3
89,0.04,0.02,1.0,3
90,0.03,0.03,1.0,3
91,0.03,0.03,1.0,3
92,0.01,0.04,1.0,3
93,-0.03,0.02,1.01,3
94,-0.09,0.02,1.01,3
95,-0.18,0.04,0.97,3
96,-0.23,0.1,1.09,3
97,-0.27,0.11,0.93,3
98,-0.37,0.05,1.02,3
99,-0.43,0.12,0.91,3
100,-0.41,0.09,0.8,3
101,-0.49,0.09,0.87,3
102,-0.48,0.09,0.88,3
103,-0.51,0.07,0.85,3
104,-0.51,0.09,0.83,3
105,-0.49,0.09,0.84,3
106,-0.45,0.11,0.85,3
107,-0.41,0.16,0.96,3
108,-0.29,0.04,0.94,3
109,-0.23,0.06,0.87,3
110,-0.14,0.11,1.09,3
111,-0.07,0.06,0.99,3
112,-0.06,0.04,1.06,3
113,0.0,0.02,1.0,3
114,0.02,0.04,1.0,3
115,0.04,0.03,1.0,3
116,0.04,0.02,1.01,3
117,0.04,0.02,1.0,3
118,0.04,0.03,1.0,3
119,0.04,0.03,1.0,3
120,0.04,0.03,1.0,3
121,0.04,0.02,1.0,3
122,0.04,0.02,1.0,3
123,0.04,0.02,1.0,3
124,0.04,0.03,1.0,3
125,0.04,0.03,1.0,3
126,0.04,0.03,1.0,3
127,0.04,0.03,1.0,3
128,0.04,0.02,1.0,3
129,0.04,0.02,1.0,3
130,0.04,0.03,1.0,3
131,0.04,0.03,1.0,3
132,0.04,0.03,1.0,3
133,0.04,0.03,1.0,3
134,0.04,0.02,1.0,3
135,0.04,0.02,1.0,3
136,0.04,0.02,1.0,3
137,0.04,0.02,1.0,3
138,0.04,0.03,1.0,3
139,0.04,0.03,1.0,3
140,0.04,0.03,1.0,3
141,0.04,0.02,1.0,3
142,0.04,0.03,1.0,3
143,0.03,0.01,1.0,3
144,0.03,0.03,1.05,3
145,-0.05,0.03,1.08,3
146,-0.15,0.06,0.88,3
147,-0.23,0.1,0.88,3
148,-0.26,0.12,1.0,3
149,-0.29,0.09,0.92,3
150,-0.36,0.06,0.86,3
151,-0.37,0.09,0.92,3
152,-0.41,0.09,0.94,3
153,-0.42,0.1,0.86,3
154,-0.42,0.1,0.91,3
155,-0.46,0.11,0.83,3
156,-0.48,0.08,0.89,3
157,-0.52,0.09,0.85,3
158,-0.54,0.1,0.84,3
159,-0.54,0.09,0.81,3
160,-0.56,0.07,0.84,3
161,-0.53,0.09,0.8,3
162,-0.41,0.08,0.91,3
163,-0.34,0.12,1.04,3
164,-0.18,0.06,0.95,3
165,-0.04,0.05,0.93,3
166,-0.0,0.16,0.93,3
167,-0.03,0.06,1.04,3
168,0.04,0.05,1.0,3
169,0.04,0.03,1.0,3
170,0.0,0.04,1.01,3
171,0.04,0.03,1.0,3
172,0.04,0.02,1.0,3
173,0.04,0.03,1.0,3
174,0.04,0.02,1.0,3
175,0.04,0.03,1.0,3
176,0.04,0.03,1.0,3
177,0.03,0.03,1.0,3
178,0.04,0.02,1.0,3
179,0.04,0.02,1.0,3
180,0.04,0.02,1.0,3
181,0.04,0.03,1.0,3
182,0.04,0.03,1.0,3
183,0.04,0.03,1.0,3
184,0.04,0.03,1.0,3
185,0.04,0.03,1.0,3
186,0.04,0.03,1.0,3
187,0.04,0.03,1.0,3
188,0.04,0.02,1.0,3
189,0.04,0.02,1.0,3
190,0.04,0.03,1.0,3
191,0.04,0.03,1.0,3
192,0.04,0.03,1.0,3
193,0.04,0.02,1.0,3
194,0.04,0.02,1.0,3
195,0.04,0.02,1.0,3
196,0.04,0.03,1.0,3
197,0.04,0.03,1.0,3
198,0.04,0.02,1.0,3
199,0.04,0.03,1.0,3
200,0.03,0.03,1.0,3
201,-0.05,0.03,1.04,3
202,-0.18,0.03,0.95,3
203,-0.26,0.09,0.79,3
204,-0.39,0.11,0.99,3
205,-0.41,0.11,0.88,3
206,-0.48,0.04,0.79,3
207,-0.55,0.11,0.87,3
208,-0.62,0.07,0.79,3
209,-0.65,0.05,0.75,3
210,-0.65,0.06,0.76,3
211,-0.66,0.05,0.71,3
212,-0.66,0.05,0.75,3
213,-0.64,0.06,0.77,3
214,-0.69,0.05,0.7,3
215,-0.68,0.07,0.71,3
216,-0.69,0.06,0.7,3
217,-0.56,0.06,0.71,3
218,-0.37,0.04,0.88,3
219,-0.2,0.09,0.95,3
220,-0.13,-0.02,1.09,3
221,-0.04,0.04,0.99,3
222,0.03,0.05,1.0,3
223,0.03,0.02,1.0,3
224,0.04,0.02,1.0,3
225,0.04,0.02,1.0,3
226,0.04,0.02,1.0,3
227,0.04,0.02,1.0,3
228,0.04,0.02,1.0,3
229,0.04,0.02,1.0,3
230,0.04,0.03,1.0,3
231,0.04,0.02,1.0,3
232,0.04,0.03,1.0,3
233,0.04,0.02,1.0,3
234,0.04,0.03,1.0,3
235,0.04,0.03,1.0,3
236,0.04,0.03,1.0,3
237,0.04,0.02,1.0,3
238,0.04,0.02,1.0,3
239,0.03,0.02,1.0,3
240,0.04,0.03,1.0,3
241,0.04,0.02,1.0,3
242,0.04,0.03,1.0,3
243,0.04,0.03,1.0,3
244,0.04,0.03,1.0,3
245,0.04,0.02,1.0,3
246,0.04,0.03,1.0,3
247,0.04,0.02,1.0,3
248,0.04,0.03,1.0,3
249,0.04,0.02,1.0,3
250,0.04,0.03,1.0,3
251,0.04,0.03,1.0,3
252,0.03,0.03,1.0,3
253,0.04,0.02,1.0,3
254,0.04,0.03,1.0,3
255,0.04,0.03,1.0,3
256,0.04,0.02,1.0,3
257,0.04,0.03,1.0,3
258,0.01,0.06,1.0,3
259,0.02,0.08,1.07,3
260,-0.12,0.08,0.93,3
261,-0.24,0.13,1.02,3
262,-0.32,0.09,0.89,3
263,-0.45,0.1,0.88,3
264,-0.51,0.06,0.87,3
265,-0.57,0.05,0.74,3
266,-0.66,0.08,0.74,3
267,-0.68,0.07,0.73,3
268,-0.71,0.07,0.72,3
269,-0.73,0.08,0.7,3
270,-0.72,0.05,0.68,3
271,-0.73,0.05,0.67,3
272,-0.72,0.07,0.66,3
273,-0.69,0.05,0.73,3
274,-0.61,0.12,0.6,3
275,-0.52,0.04,0.93,3
276,-0.25,0.07,0.89,3
277,-0.13,0.07,1.06,3
278,-0.05,0.09,0.99,3
279,0.0,0.02,1.01,3
280,0.02,0.04,1.02,3
281,0.07,0.01,1.0,3
282,0.04,0.03,1.0,3
283,0.04,0.02,1.0,3
284,0.04,0.02,1.0,3
285,0.04,0.02,1.0,3
286,0.04,0.03,1.0,3
287,0.04,0.02,1.0,3
288,0.04,0.03,1.0,3
289,0.04,0.02,1.0,3
290,0.04,0.03,1.0,3
291,0.04,0.02,1.0,3
292,0.04,0.02,1.0,3
293,0.04,0.02,1.0,3
294,0.04,0.03,1.0,3
295,0.04,0.02,1.0,3
296,0.04,0.02,1.0,3
297,0.04,0.02,1.0,3
298,0.04,0.02,1.0,3
299,0.04,0.03,1.0,3
300,0.04,0.03,1.0,3
301,0.04,0.03,1.0,3
302,0.04,0.03,1.0,3
303,0.04,0.03,1.0,3
304,0.04,0.03,1.0,3
305,0.04,0.03,1.0,3
306,0.03,0.02,1.0,3
307,0.04,0.03,1.0,3
308,0.04,0.03,1.0,3
309,0.04,0.02,1.0,3
310,0.04,0.02,1.0,3
311,0.07,0.04,1.0,3
312,-0.0,0.07,1.08,3
313,-0.15,0.04,1.01,3
314,-0.28,0.05,0.82,3
315,-0.41,0.11,0.95,3
316,-0.47,0.07,0.87,3
317,-0.5,0.09,0.8,3
318,-0.56,0.07,0.81,3
319,-0.59,0.07,0.78,3
320,-0.61,0.09,0.75,3
321,-0.59,0.1,0.77,3
322,-0.64,0.06,0.79,3
323,-0.6,0.09,0.78,3
324,-0.52,0.09,0.79,3
325,-0.4,0.1,0.84,3
326,-0.17,0.02,0.93,3
327,0.0,0.01,1.03,3
328,0.02,0.05,1.06,3
329,0.02,0.02,1.01,3
330,0.03,0.02,1.0,3
331,0.03,0.03,1.0,3
332,0.04,0.03,1.0,3
333,0.04,0.03,1.0,3
334,0.04,0.03,1.0,3
335,0.04,0.02,1.0,3
336,0.04,0.02,1.0,3
337,0.04,0.02,1.0,3
338,0.04,0.03,1.0,3
339,0.04,0.02,1.0,3
340,0.04,0.03,1.0,3
341,0.04,0.02,1.0,3
342,0.04,0.02,1.0,3
343,0.04,0.03,1.0,3
344,0.04,0.03,1.0,3
345,0.04,0.03,1.0,3
346,0.04,0.03,1.0,3
347,0.04,0.03,1.0,3
348,0.04,0.03,1.0,3
349,0.04,0.03,1.0,3
350,0.04,0.02,1.0,3
351,0.04,0.03,1.0,3
352,0.04,0.02,1.0,3
353,0.04,0.03,1.0,3
354,0.04,0.03,1.0,3
355,0.04,0.03,1.0,3
356,0.04,0.02,1.0,3
357,0.04,0.03,1.0,3
358,0.04,0.03,1.0,3
359,0.04,0.03,1.0,3
360,0.04,0.03,1.0,3
361,0.05,0.03,1.0,3
362,0.02,0.03,1.04,3
363,-0.11,0.07,1.0,3
364,-0.25,0.03,1.05,3
365,-0.35,0.05,0.93,3
366,-0.42,0.11,0.89,3
367,-0.52,0.03,0.79,3
368,-0.62,0.11,0.77,3
369,-0.7,0.02,0.72,3
370,-0.68,0.03,0.71,3
371,-0.73,0.04,0.66,3
372,-0.73,0.02,0.68,3
373,-0.7,0.04,0.7,3
374,-0.57,0.08,0.68,3
375,-0.53,0.11,0.77,3
376,-0.26,-0.02,0.83,3
377,-0.12,0.07,1.15,3
378,-0.04,0.07,1.05,3
379,-0.01,0.04,1.11,3
380,0.03,0.02,1.0,3
381,0.02,0.03,1.0,3
382,0.1,0.02,1.0,3
383,0.04,0.02,1.0,3
384,0.04,0.03,1.0,3
385,0.04,0.03,1.0,3
386,0.04,0.02,1.0,3
387,0.04,0.03,1.0,3
388,0.04,0.03,1.0,3
389,0.04,0.03,1.0,3
390,0.04,0.02,1.0,3
391,0.04,0.03,1.0,3
392,0.04,0.03,1.0,3
393,0.04,0.03,1.0,3
394,0.04,0.02,1.0,3
395,0.04,0.03,1.0,3
396,0.04,0.02,1.0,3
397,0.04,0.03,1.0,3
398,0.04,0.02,1.0,3
399,0.04,0.03,1.0,3
400,0.04,0.02,1.0,3
401,0.04,0.02,1.0,3
402,0.04,0.02,1.0,3
403,0.04,0.02,1.0,3
404,0.04,0.02,1.0,3
405,0.04,0.03,1.0,3
406,0.04,0.02,1.0,3
407,0.04,0.03,1.01,3
408,0.04,0.03,1.0,3
409,0.04,0.03,1.0,3
410,0.04,0.02,1.0,3
411,0.04,0.03,1.0,3
412,0.05,0.03,1.0,3
413,0.04,0.03,1.01,3
414,-0.11,0.07,0.96,3
415,-0.2,0.12,0.89,3
416,-0.36,0.06,0.93,3
417,-0.46,0.09,0.82,3
418,-0.58,0.07,0.8,3
419,-0.64,0.08,0.75,3
420,-0.67,0.09,0.71,3
421,-0.73,0.11,0.68,3
422,-0.72,0.05,0.66,3
423,-0.72,0.05,0.66,3
424,-0.72,0.06,0.66,3
425,-0.67,0.07,0.72,3
426,-0.59,0.12,0.79,3
427,-0.4,-0.08,0.85,3
428,-0.13,0.22,1.03,3
429,-0.02,0.08,1.14,3
430,0.0,0.02,0.89,3
431,0.01,0.03,1.0,3
432,0.05,0.03,1.01,3
433,0.03,0.02,1.01,3
434,0.04,0.03,1.0,3
435,0.04,0.02,1.0,3
436,0.04,0.02,1.0,3
437,0.04,0.02,1.0,3
438,0.04,0.03,1.0,3
439,0.04,0.02,1.0,3
440,0.04,0.02,1.0,3
441,0.04,0.03,1.0,3
442,0.04,0.03,1.0,3
443,0.04,0.03,1.0,3
444,0.04,0.02,1.0,3
445,0.04,0.03,1.0,3
446,0.04,0.02,1.0,3
447,0.04,0.02,1.0,3
448,0.04,0.03,1.0,3
449,0.04,0.02,1.0,3
450,0.04,0.03,1.0,3
451,0.04,0.03,1.0,3
452,0.04,0.02,1.0,3
453,0.04,0.02,1.0,3
454,0.04,0.02,1.0,3
455,0.03,0.03,1.0,3
456,0.04,0.03,1.0,3
457,0.04,0.03,1.0,3
458,0.04,0.03,1.0,3
459,0.04,0.03,1.0,3
460,0.04,0.02,1.0,3
461,0.04,0.03,1.0,3
462,0.04,0.03,1.0,3
463,0.04,0.03,1.0,3
464,0.0,0.04,1.0,3
465,-0.02,0.07,1.08,3
466,-0.17,0.09,0.86,3
467,-0.33,0.09,0.84,3
468,-0.43,0.12,0.88,3
469,-0.57,0.07,0.82,3
470,-0.65,0.16,0.69,3
471,-0.74,0.1,0.69,3
472,-0.74,0.09,0.61,3
473,-0.76,0.1,0.64,3
474,-0.77,0.06,0.6,3
475,-0.76,0.07,0.62,3
476,-0.68,0.08,0.75,3
477,-0.68,0.14,0.67,3
478,-0.28,0.11,1.0,3
479,-0.24,0.04,0.89,3
480,-0.01,0.07,1.09,3
481,-0.02,0.0,1.0,3
482,0.03,0.01,1.01,3
483,0.04,0.03,1.0,3
484,0.04,0.02,1.0,3
485,0.04,0.02,1.0,3
486,0.04,0.03,1.0,3
487,0.04,0.02,1.0,3
488,0.04,0.03,1.0,3
489,0.04,0.02,1.0,3
490,0.04,0.02,1.0,3
491,0.04,0.03,1.0,3
492,0.04,0.03,1.0,3
493,0.04,0.03,1.0,3
494,0.04,0.03,1.0,3
495,0.04,0.02,1.0,3
496,0.04,0.03,1.0,3
497,0.04,0.02,1.0,3
498,0.04,0.03,1.0,3
499,0.04,0.02,1.0,3
500,0.04,0.02,1.0,3
501,0.04,0.03,1.0,3
502,0.04,0.03,1.0,3
503,0.04,0.02,1.0,3
504,0.04,0.03,1.0,3
505,0.04,0.02,1.0,3
506,0.04,0.02,1.0,3
507,0.04,0.02,1.0,3
508,0.04,0.03,1.0,3
509,0.04,0.03,1.0,3
510,0.04,0.03,1.0,3
511,0.04,0.03,1.0,3
512,0.04,0.03,1.0,3
513,0.04,0.03,1.0,3
514,0.04,0.03,1.0,3
515,0.04,0.03,1.0,3
516,0.02,0.02,1.01,3
517,-0.07,0.03,1.03,3
518,-0.26,0.04,1.14,3
519,-0.37,0.09,0.84,3
520,-0.53,0.14,0.93,3
521,-0.55,0.14,0.75,3
522,-0.65,0.11,0.71,3
523,-0.73,0.06,0.68,3
524,-0.77,0.07,0.63,3
525,-0.78,0.08,0.63,3
526,-0.78,0.08,0.57,3
527,-0.76,0.08,0.6,3
528,-0.75,0.07,0.66,3
529,-0.73,0.12,0.51,3
530,-0.59,0.16,0.77,3
531,-0.3,0.06,0.9,3
532,0.0,0.16,1.0,3
533,-0.06,0.0,1.04,3
534,0.01,0.04,0.99,3
535,0.02,0.04,1.0,3
536,0.04,0.02,1.0,3
537,0.04,0.03,1.0,3
538,0.04,0.02,1.0,3
539,0.04,0.03,1.0,3
540,0.04,0.03,1.0,3
541,0.04,0.03,1.0,3
542,0.04,0.02,1.0,3
543,0.04,0.03,1.0,3
544,0.04,0.02,1.0,3
545,0.04,0.02,1.0,3
546,0.04,0.03,1.0,3
547,0.04,0.02,1.0,3
548,0.04,0.02,1.0,3
549,0.04,0.02,1.0,3
550,0.04,0.03,1.0,3
551,0.04,0.02,1.0,3
552,0.04,0.03,1.0,3
553,0.04,0.02,1.0,3
554,0.04,0.03,1.0,3
555,0.04,0.02,1.0,3
556,0.04,0.03,1.0,3
557,0.04,0.03,1.0,3
558,0.04,0.03,1.0,3
559,0.04,0.03,1.0,3
560,0.04,0.02,1.0,3
561,0.04,0.02,1.0,3
0,0.04,0.05,1.0,4
1,0.04,0.05,1.0,4
2,0.04,0.05,1.0,4
3,0.04,0.04,1.0,4
4,0.04,0.05,1.0,4
5,0.04,0.05,1.0,4
6,0.03,0.05,1.0,4
7,0.04,0.05,1.0,4
8,0.04,0.05,1.0,4
9,0.04,0.05,1.0,4
10,0.04,0.05,1.0,4
11,0.04,0.04,1.0,4
12,0.04,0.05,1.0,4
13,0.04,0.04,1.0,4
14,0.04,0.05,1.0,4
15,0.04,0.05,1.0,4
16,0.04,0.05,1.0,4
17,0.04,0.04,1.0,4
18,0.04,0.05,1.0,4
19,0.04,0.05,1.0,4
20,0.04,0.05,1.0,4
21,0.04,0.04,1.0,4
22,0.04,0.05,1.0,4
23,0.04,0.05,1.0,4
24,0.04,0.05,1.0,4
25,0.04,0.05,1.0,4
26,0.04,0.05,1.0,4
27,0.04,0.05,1.0,4
28,0.04,0.05,1.0,4
29,0.04,0.05,1.0,4
30,0.04,0.05,1.0,4
31,0.04,0.05,1.0,4
32,0.04,0.05,1.0,4
33,0.04,0.05,1.0,4
34,0.04,0.04,1.0,4
35,0.04,0.05,1.0,4
36,0.04,0.05,1.0,4
37,0.04,0.05,1.0,4
38,0.04,0.05,1.0,4
39,0.04,0.05,1.0,4
40,0.03,0.05,1.0,4
41,0.02,0.03,1.07,4
42,-0.07,0.13,0.98,4
43,-0.12,0.08,1.04,4
44,-0.15,0.06,1.0,4
45,-0.23,0.04,0.95,4
46,-0.29,0.05,1.02,4
47,-0.41,0.11,0.98,4
48,-0.47,0.04,0.84,4
49,-0.54,0.15,0.9,4
50,-0.66,0.03,1.14,4
51,-0.58,0.07,0.8,4
52,-0.53,0.07,0.89,4
53,-0.38,0.09,0.89,4
54,-0.16,0.09,0.97,4
55,-0.1,0.07,0.97,4
56,0.07,-0.01,0.99,4
57,0.05,0.04,0.88,4
58,0.12,0.08,0.91,4
59,0.05,0.01,1.04,4
60,0.01,-0.01,1.05,4
61,0.0,-0.08,1.03,4
62,0.03,0.01,0.94,4
63,0.05,0.05,1.0,4
64,0.04,0.04,1.0,4
65,0.03,0.05,1.0,4
66,0.04,0.05,1.0,4
67,0.04,0.05,1.0,4
68,0.04,0.04,1.0,4
69,0.04,0.04,1.0,4
70,0.04,0.05,1.01,4
71,0.04,0.05,1.0,4
72,0.04,0.05,1.0,4
73,0.04,0.05,1.0,4
74,0.04,0.05,1.0,4
75,0.04,0.05,1.02,4
76,0.03,0.05,1.0,4
77,0.04,0.05,1.0,4
78,0.04,0.05,1.0,4
79,0.04,0.05,1.0,4
80,0.04,0.05,1.0,4
81,0.04,0.04,1.0,4
82,0.04,0.05,1.0,4
83,0.05,0.05,0.91,4
84,0.04,0.04,1.0,4
85,0.03,0.05,1.0,4
86,0.04,0.04,1.0,4
87,0.04,0.05,1.0,4
88,0.05,0.04,0.97,4
89,0.04,0.05,1.0,4
90,0.04,0.05,1.0,4
91,0.04,0.05,1.0,4
92,0.04,0.05,1.0,4
93,0.04,0.05,0.99,4
94,0.04,0.05,1.0,4
95,0.04,0.05,1.0,4
96,0.04,0.04,1.0,4
97,0.04,0.05,1.0,4
98,0.05,0.03,1.0,4
99,0.03,0.05,1.02,4
100,-0.06,0.08,1.2,4
101,-0.02,0.07,1.0,4
102,0.0,0.0,0.98,4
103,0.05,0.01,0.95,4
104,-0.01,0.05,0.91,4
105,-0.13,0.01,0.93,4
106,-0.28,0.04,1.06,4
107,-0.41,0.1,0.89,4
108,-0.5,0.09,0.88,4
109,-0.56,0.11,0.79,4
110,-0.51,0.11,0.83,4
111,-0.55,0.15,0.97,4
112,-0.42,0.15,0.83,4
113,-0.19,0.08,1.02,4
114,-0.06,0.02,0.94,4
115,0.02,0.05,0.95,4
116,0.02,0.05,0.98,4
117,0.0,0.05,1.04,4
118,-0.02,-0.07,1.56,4
119,0.06,0.05,1.05,4
120,0.04,0.05,1.0,4
121,0.02,0.06,1.0,4
122,0.04,0.05,1.0,4
123,0.04,0.04,1.0,4
124,0.04,0.05,1.0,4
125,0.04,0.05,1.0,4
126,0.04,0.04,1.0,4
127,0.04,0.05,1.0,4
128,0.04,0.05,1.0,4
129,0.04,0.05,1.0,4
130,0.04,0.05,1.0,4
131,0.04,0.05,1.0,4
132,0.04,0.05,1.0,4
133,0.04,0.05,1.0,4
134,0.04,0.05,1.0,4
135,0.04,0.04,1.0,4
136,0.04,0.05,1.0,4
137,0.04,0.05,1.0,4
138,0.04,0.05,1.0,4
139,0.04,0.04,1.0,4
140,0.04,0.05,1.0,4
141,0.04,0.05,1.0,4
142,0.04,0.05,1.0,4
143,0.04,0.04,1.0,4
144,0.04,0.05,1.0,4
145,0.04,0.05,1.0,4
146,0.04,0.05,1.0,4
147,0.04,0.06,1.0,4
148,0.04,0.05,1.0,4
149,0.04,0.04,1.0,4
150,0.04,0.05,1.0,4
151,0.04,0.05,1.0,4
152,0.04,0.05,1.0,4
153,0.01,0.05,1.02,4
154,-0.02,-0.04,1.06,4
155,-0.03,0.0,0.91,4
156,-0.01,0.02,1.0,4
157,0.03,0.06,0.99,4
158,0.03,0.04,0.99,4
159,0.03,0.05,0.89,4
160,-0.04,0.11,0.95,4
161,-0.16,0.01,0.98,4
162,-0.32,0.04,0.99,4
163,-0.49,0.08,0.86,4
164,-0.55,0.15,0.88,4
165,-0.63,0.06,0.78,4
166,-0.63,0.11,0.77,4
167,-0.66,0.1,0.73,4
168,-0.67,0.14,0.7,4
169,-0.48,0.07,0.92,4
170,-0.33,0.08,0.9,4
171,-0.12,0.04,1.0,4
172,-0.05,0.03,0.91,4
173,0.02,0.04,0.9,4
174,0.03,0.01,1.0,4
175,-0.01,-0.0,1.05,4
176,-0.0,-0.0,1.09,4
177,0.02,-0.0,0.94,4
178,0.03,0.03,0.98,4
179,0.02,0.01,0.98,4
180,0.04,0.04,1.0,4
181,0.04,0.04,1.0,4
182,0.04,0.05,1.0,4
183,0.04,0.05,1.0,4
184,0.04,0.05,1.0,4
185,0.04,0.04,1.0,4
186,0.04,0.05,1.0,4
187,0.03,0.05,1.0,4
188,0.04,0.05,1.0,4
189,0.04,0.05,1.0,4
190,0.04,0.05,1.0,4
191,0.04,0.05,1.0,4
192,0.04,0.05,1.0,4
193,0.04,0.04,1.0,4
194,0.04,0.04,1.0,4
195,0.04,0.05,1.0,4
196,0.04,0.05,1.0,4
197,0.04,0.04,1.0,4
198,0.04,0.05,1.0,4
199,0.04,0.05,1.0,4
200,0.04,0.05,1.0,4
201,0.04,0.04,1.0,4
202,0.04,0.04,1.0,4
203,0.04,0.05,1.0,4
204,0.04,0.05,1.0,4
205,0.04,0.05,1.0,4
206,0.04,0.05,1.0,4
207,0.04,0.05,1.0,4
208,0.04,0.05,1.0,4
209,0.04,0.05,1.0,4
210,0.06,0.03,1.03,4
211,-0.08,0.04,1.11,4
212,-0.02,0.07,0.95,4
213,0.01,0.01,0.98,4
214,0.02,-0.01,0.94,4
215,0.02,0.03,1.02,4
216,0.04,0.03,0.95,4
217,0.02,0.07,0.91,4
218,-0.05,0.03,0.96,4
219,-0.22,0.06,1.02,4
220,-0.37,0.05,1.04,4
221,-0.49,0.11,0.87,4
222,-0.59,0.04,0.84,4
223,-0.68,0.1,0.76,4
224,-0.71,0.15,0.64,4
225,-0.75,0.12,0.63,4
226,-0.75,0.12,0.63,4
227,-0.72,0.13,0.71,4
228,-0.61,0.04,0.95,4
229,-0.57,0.11,0.86,4
230,-0.39,-0.02,1.06,4
231,-0.15,0.02,0.89,4
232,-0.01,0.0,0.96,4
233,0.05,-0.01,0.95,4
234,0.06,-0.01,1.0,4
235,0.05,-0.01,0.96,4
236,0.07,0.0,1.0,4
237,0.06,-0.02,0.95,4
238,0.02,0.1,1.06,4
239,0.03,0.02,1.07,4
240,0.03,0.04,1.03,4
241,-0.02,0.03,0.96,4
242,0.07,0.14,0.89,4
243,-0.04,0.04,1.06,4
244,0.03,0.05,1.02,4
245,0.03,0.1,1.02,4
246,0.04,0.04,1.0,4
247,0.04,0.05,1.0,4
248,0.04,0.05,1.0,4
249,0.04,0.05,1.0,4
250,0.03,0.05,1.0,4
251,0.04,0.05,1.0,4
252,0.04,0.05,1.0,4
253,0.04,0.05,1.0,4
254,0.04,0.05,1.0,4
255,0.04,0.05,1.0,4
256,0.04,0.05,1.0,4
257,0.04,0.05,1.0,4
258,0.04,0.05,1.0,4
259,0.04,0.05,1.0,4
260,0.04,0.05,1.0,4
261,0.04,0.05,1.0,4
262,0.04,0.05,1.0,4
263,0.04,0.04,1.0,4
264,0.04,0.05,1.0,4
265,0.04,0.05,1.0,4
266,0.04,0.05,1.0,4
267,0.04,0.05,1.0,4
268,0.04,0.05,1.0,4
269,0.04,0.05,1.0,4
270,0.04,0.05,1.0,4
271,0.04,0.04,1.0,4
272,0.04,0.04,1.0,4
273,0.04,0.05,1.0,4
274,0.04,0.05,1.0,4
275,0.04,0.05,1.0,4
276,0.04,0.04,1.0,4
277,0.04,0.04,1.0,4
278,0.04,0.05,1.0,4
279,0.04,0.05,1.0,4
280,0.04,0.04,1.0,4
281,0.04,0.05,1.0,4
282,0.04,0.05,1.0,4
283,0.03,0.05,1.0,4
284,0.04,0.05,1.0,4
285,0.03,0.05,1.01,4
286,-0.01,0.05,1.03,4
287,-0.05,0.05,1.06,4
288,-0.03,0.02,0.95,4
289,0.01,0.09,0.94,4
290,0.02,0.0,1.0,4
291,0.07,0.04,0.96,4
292,0.13,0.05,0.93,4
293,0.16,0.1,0.9,4
294,0.1,0.07,0.92,4
295,0.0,0.07,0.94,4
296,-0.15,0.07,0.98,4
297,-0.32,0.08,0.97,4
298,-0.46,0.16,0.9,4
299,-0.54,0.1,0.82,4
300,-0.68,0.09,0.79,4
301,-0.74,0.18,0.65,4
302,-0.82,0.16,0.55,4
303,-0.77,0.15,0.59,4
304,-0.8,0.15,0.57,4
305,-0.71,0.14,0.64,4
306,-0.64,0.05,0.83,4
307,-0.56,0.03,0.83,4
308,-0.33,0.11,0.78,4
309,-0.22,-0.0,0.96,4
310,-0.19,0.07,0.97,4
311,-0.08,-0.04,0.95,4
312,-0.04,0.01,1.1,4
313,-0.01,0.09,1.02,4
314,0.02,0.0,0.97,4
315,0.06,0.06,0.95,4
316,0.04,0.07,0.98,4
317,0.02,0.08,1.02,4
318,0.05,0.06,1.01,4
319,0.04,0.05,1.0,4
320,0.04,0.05,1.0,4
321,0.04,0.05,1.0,4
322,0.04,0.05,1.0,4
323,0.03,0.05,1.0,4
324,0.04,0.05,1.0,4
325,0.04,0.05,1.0,4
326,0.04,0.04,1.0,4
327,0.03,0.05,1.0,4
328,0.04,0.05,1.0,4
329,0.04,0.05,1.0,4
330,0.04,0.05,1.0,4
331,0.04,0.04,1.0,4
332,0.04,0.04,1.0,4
333,0.04,0.05,1.0,4
334,0.04,0.05,1.0,4
335,0.04,0.05,1.0,4
336,0.04,0.05,1.0,4
337,0.04,0.05,1.0,4
338,0.04,0.04,1.0,4
339,0.04,0.05,1.0,4
340,0.04,0.05,1.0,4
341,0.03,0.05,1.0,4
342,0.04,0.05,1.0,4
343,0.04,0.05,1.0,4
344,0.04,0.05,1.0,4
345,0.04,0.05,1.0,4
346,0.04,0.05,1.0,4
347,0.04,0.05,1.0,4
348,0.04,0.05,1.0,4
349,0.04,0.05,1.0,4
350,0.04,0.05,1.0,4
351,0.03,0.14,1.01,4
352,0.02,0.04,1.1,4
353,0.0,0.09,0.97,4
354,-0.02,0.14,1.0,4
355,0.0,0.0,0.94,4
356,0.01,-0.02,0.96,4
357,0.02,-0.0,0.96,4
358,0.03,0.11,1.01,4
359,0.05,0.05,0.81,4
360,-0.07,0.09,1.01,4
361,-0.23,0.11,1.0,4
362,-0.37,0.11,0.96,4
363,-0.51,0.08,0.8,4
364,-0.6,0.09,0.87,4
365,-0.64,0.13,0.74,4
366,-0.68,0.15,0.75,4
367,-0.73,0.13,0.65,4
368,-0.73,0.11,0.66,4
369,-0.75,0.11,0.63,4
370,-0.73,0.09,0.79,4
371,-0.7,0.03,0.76,4
372,-0.56,0.02,0.77,4
373,-0.41,0.0,0.97,4
374,-0.25,0.04,0.86,4
375,-0.12,0.0,0.92,4
376,-0.05,-0.03,0.96,4
377,-0.04,-0.05,1.06,4
378,-0.01,-0.01,0.96,4
379,-0.0,0.09,1.02,4
380,0.01,0.05,1.05,4
381,0.04,-0.03,1.09,4
382,0.07,0.02,0.95,4
383,0.05,0.05,1.0,4
384,0.04,0.07,1.02,4
385,0.04,0.05,1.0,4
386,0.04,0.05,1.0,4
387,0.04,0.05,1.0,4
388,0.04,0.05,1.0,4
389,0.04,0.04,1.0,4
390,0.04,0.05,1.0,4
391,0.04,0.05,1.0,4
392,0.04,0.05,1.0,4
393,0.04,0.05,1.0,4
394,0.04,0.04,1.0,4
395,0.04,0.05,1.0,4
396,0.04,0.05,1.0,4
397,0.04,0.05,1.0,4
398,0.04,0.05,1.0,4
399,0.04,0.05,1.0,4
400,0.03,0.05,1.0,4
401,0.04,0.05,1.0,4
402,0.04,0.04,1.0,4
403,0.04,0.05,1.0,4
404,0.04,0.05,1.0,4
405,0.04,0.05,1.0,4
406,0.03,0.05,1.0,4
407,0.03,0.05,1.0,4
408,0.04,0.05,1.0,4
409,0.04,0.05,1.0,4
410,0.04,0.05,1.0,4
411,0.05,0.05,1.01,4
412,0.02,0.02,1.05,4
413,-0.01,0.05,0.94,4
414,0.02,0.13,0.86,4
415,-0.03,0.0,1.05,4
416,0.01,-0.01,1.03,4
417,0.04,0.08,0.96,4
418,0.06,0.12,0.95,4
419,0.02,0.13,0.87,4
420,-0.1,0.1,0.92,4
421,-0.24,0.08,1.06,4
422,-0.4,0.09,0.93,4
423,-0.53,0.1,0.85,4
424,-0.65,0.1,0.66,4
425,-0.69,0.17,0.68,4
426,-0.71,0.14,0.65,4
427,-0.73,0.14,0.71,4
428,-0.76,0.13,0.64,4
429,-0.77,0.13,0.61,4
430,-0.76,0.13,0.61,4
431,-0.68,0.2,0.75,4
432,-0.56,0.02,0.85,4
433,-0.41,-0.0,0.91,4
434,-0.26,0.03,0.98,4
435,-0.09,-0.02,0.93,4
436,-0.06,0.08,0.87,4
437,-0.09,0.0,1.0,4
438,-0.03,-0.04,0.99,4
439,-0.02,-0.07,0.98,4
440,0.03,-0.08,1.02,4
441,-0.11,0.03,1.12,4
442,0.06,0.03,0.89,4
443,0.04,0.05,1.02,4
444,0.04,0.04,1.01,4
445,0.04,0.04,1.01,4
446,0.04,0.05,1.0,4
447,0.04,0.04,1.0,4
448,0.04,0.05,1.0,4
449,0.04,0.05,1.01,4
450,0.04,0.05,1.0,4
451,0.03,0.05,1.0,4
452,0.04,0.04,1.0,4
453,0.03,0.05,1.0,4
454,0.04,0.05,1.0,4
455,0.04,0.05,1.0,4
456,0.04,0.05,1.0,4
457,0.04,0.05,1.0,4
458,0.03,0.05,1.0,4
459,0.04,0.05,1.0,4
460,0.04,0.05,1.0,4
461,0.04,0.05,1.0,4
462,0.04,0.05,1.0,4
463,0.03,0.05,1.0,4
464,0.04,0.05,1.0,4
465,0.04,0.05,1.0,4
466,0.04,0.05,1.0,4
467,0.04,0.05,1.0,4
468,0.04,0.05,1.0,4
469,0.04,0.05,1.0,4
470,0.04,0.04,1.0,4
471,0.04,0.05,1.0,4
472,0.04,0.05,1.0,4
473,0.04,0.05,1.0,4
474,0.04,0.05,1.0,4
475,0.04,0.05,1.0,4
476,0.04,0.05,1.0,4
477,0.04,0.05,1.0,4
478,0.04,0.05,1.0,4
479,0.04,0.05,1.0,4
480,0.04,0.05,1.0,4
481,0.0,0.04,1.01,4
482,0.05,0.02,1.05,4
483,-0.01,0.02,1.0,4
484,0.01,0.1,1.05,4
485,0.02,0.09,0.95,4
486,0.05,0.01,0.92,4
487,0.04,0.05,1.01,4
488,0.04,0.08,0.94,4
489,0.01,0.08,0.88,4
490,-0.14,0.06,0.93,4
491,-0.28,0.11,0.99,4
492,-0.45,0.04,1.0,4
493,-0.56,0.07,0.81,4
494,-0.69,0.18,0.7,4
495,-0.79,0.05,0.73,4
496,-0.82,0.14,0.5,4
497,-0.87,0.12,0.48,4
498,-0.84,0.14,0.5,4
499,-0.88,0.13,0.42,4
500,-0.86,0.18,0.54,4
501,-0.75,0.1,0.64,4
502,-0.65,0.18,0.65,4
503,-0.48,0.11,0.83,4
504,-0.36,0.03,0.91,4
505,-0.1,0.03,0.88,4
506,-0.0,-0.07,1.01,4
507,0.02,-0.01,0.91,4
508,0.05,-0.02,1.0,4
509,0.07,0.02,1.03,4
510,0.07,0.02,1.06,4
511,0.08,-0.06,1.05,4
512,0.07,0.01,1.06,4
513,0.08,-0.01,0.96,4
514,0.13,0.05,0.96,4
515,0.09,0.05,0.98,4
516,0.03,0.05,1.05,4
517,0.04,0.04,1.0,4
518,0.04,0.05,1.0,4
519,0.04,0.05,1.0,4
520,0.04,0.05,1.0,4
521,0.03,0.05,1.0,4
522,0.04,0.05,1.0,4
523,0.03,0.05,1.0,4
524,0.04,0.05,1.0,4
525,0.03,0.05,1.0,4
526,0.04,0.04,1.0,4
527,0.03,0.05,1.0,4
528,0.04,0.05,1.0,4
529,0.04,0.05,1.0,4
530,0.04,0.04,1.0,4
531,0.04,0.05,1.0,4
532,0.04,0.05,1.0,4
533,0.04,0.05,1.0,4
534,0.04,0.05,1.0,4
535,0.04,0.05,1.0,4
536,0.04,0.04,1.0,4
537,0.04,0.05,1.0,4
538,0.04,0.05,1.0,4
539,0.04,0.05,1.0,4
540,0.04,0.05,1.0,4
541,0.04,0.04,1.0,4
542,0.03,0.05,1.0,4
543,0.04,0.05,1.0,4
544,0.04,0.05,1.0,4
545,0.04,0.05,1.0,4
546,0.03,0.05,1.0,4
547,0.04,0.05,1.0,4
548,0.04,0.05,1.0,4
549,0.04,0.04,1.0,4
550,0.04,0.05,1.0,4
0,0.04,0.05,1.0,5
1,0.04,0.05,1.0,5
2,0.04,0.05,1.0,5
3,0.04,0.04,1.0,5
4,0.04,0.05,1.0,5
5,0.04,0.05,1.0,5
6,0.04,0.05,1.0,5
7,0.04,0.05,1.0,5
8,0.04,0.04,1.0,5
9,0.04,0.05,1.0,5
10,0.04,0.04,1.0,5
11,0.04,0.05,1.0,5
12,0.04,0.05,1.0,5
13,0.04,0.04,1.0,5
14,0.04,0.05,1.0,5
15,0.04,0.05,1.0,5
16,0.04,0.05,1.0,5
17,0.04,0.05,1.0,5
18,0.04,0.05,1.0,5
19,0.04,0.05,1.0,5
20,0.04,0.04,1.0,5
21,0.04,0.04,1.0,5
22,0.04,0.04,1.0,5
23,0.04,0.04,1.0,5
24,0.04,0.05,1.0,5
25,0.04,0.05,1.0,5
26,0.04,0.04,1.0,5
27,0.04,0.05,1.0,5
28,0.04,0.04,1.0,5
29,0.04,0.04,1.0,5
30,0.04,0.05,1.0,5
31,0.04,0.05,1.0,5
32,0.04,0.05,1.0,5
33,0.04,0.05,1.0,5
34,0.04,0.04,1.0,5
35,0.04,0.05,1.0,5
36,0.04,0.05,1.0,5
37,0.04,0.04,1.0,5
38,0.04,0.05,1.01,5
39,0.04,0.05,1.0,5
40,0.04,0.04,1.0,5
41,0.04,0.03,1.01,5
42,-0.09,0.09,1.07,5
43,-0.2,0.16,1.23,5
44,-0.23,0.05,0.82,5
45,-0.47,0.15,0.8,5
46,-0.63,0.19,1.0,5
47,-0.6,0.19,0.96,5
48,-0.73,0.01,0.86,5
49,-0.66,0.14,0.98,5
50,-0.66,0.1,0.8,5
51,-0.57,0.04,0.84,5
52,-0.43,0.05,0.66,5
53,-0.11,0.11,0.86,5
54,-0.12,0.01,0.98,5
55,0.02,-0.1,1.12,5
56,-0.01,0.1,1.01,5
57,0.09,0.0,1.04,5
58,0.07,0.02,0.99,5
59,0.06,0.07,1.12,5
60,0.05,0.04,1.0,5
61,0.04,0.04,1.0,5
62,0.05,0.05,1.0,5
63,0.04,0.04,1.0,5
64,0.04,0.04,1.0,5
65,0.04,0.04,1.0,5
66,0.04,0.05,1.0,5
67,0.04,0.05,1.0,5
68,0.04,0.04,1.0,5
69,0.04,0.05,1.0,5
70,0.05,0.04,1.0,5
71,0.04,0.05,1.0,5
72,0.04,0.04,1.0,5
73,0.04,0.05,1.0,5
74,0.04,0.05,1.0,5
75,0.04,0.05,1.0,5
76,0.04,0.04,1.0,5
77,0.04,0.05,1.0,5
78,0.04,0.05,1.0,5
79,0.04,0.04,1.0,5
80,0.04,0.05,1.0,5
81,0.04,0.05,1.0,5
82,0.04,0.05,1.0,5
83,0.04,0.04,1.0,5
84,0.04,0.05,1.0,5
85,0.05,0.05,1.0,5
86,0.04,0.05,1.0,5
87,0.04,0.05,1.0,5
88,0.04,0.05,1.0,5
89,0.04,0.05,1.0,5
90,0.04,0.05,1.0,5
91,0.04,0.04,1.0,5
92,0.04,0.05,1.0,5
93,0.04,0.04,1.0,5
94,0.04,0.05,1.0,5
95,0.04,0.05,1.0,5
96,-0.04,0.14,1.08,5
97,-0.13,0.03,1.06,5
98,-0.22,0.17,0.57,5
99,-0.29,0.12,0.96,5
100,-0.51,0.09,0.79,5
101,-0.59,0.1,0.88,5
102,-0.65,0.12,0.84,5
103,-0.72,0.12,0.7,5
104,-0.73,0.12,0.72,5
105,-0.72,0.07,0.76,5
106,-0.61,0.12,0.6,5
107,-0.41,0.11,0.95,5
108,-0.12,0.03,0.85,5
109,0.03,0.06,1.09,5
110,0.1,0.03,0.98,5
111,0.11,0.0,1.02,5
112,0.07,-0.02,1.26,5
113,0.05,0.0,0.97,5
114,0.07,0.06,1.14,5
115,0.09,0.08,1.03,5
116,0.04,0.04,1.0,5
117,0.05,0.05,1.0,5
118,0.04,0.04,1.0,5
119,0.04,0.04,1.0,5
120,0.04,0.04,1.0,5
121,0.04,0.04,1.0,5
122,0.04,0.05,1.0,5
123,0.04,0.05,1.0,5
124,0.04,0.05,1.0,5
125,0.04,0.05,1.0,5
126,0.04,0.05,1.0,5
127,0.05,0.04,1.0,5
128,0.04,0.05,1.0,5
129,0.05,0.04,1.0,5
130,0.04,0.04,1.0,5
131,0.04,0.04,1.0,5
132,0.04,0.05,1.0,5
133,0.04,0.05,1.0,5
134,0.04,0.04,1.0,5
135,0.04,0.05,1.0,5
136,0.04,0.04,1.0,5
137,0.04,0.05,1.0,5
138,0.04,0.05,1.0,5
139,0.04,0.05,1.0,5
140,0.04,0.04,1.0,5
141,0.04,0.05,1.0,5
142,0.04,0.05,1.0,5
143,0.04,0.05,1.0,5
144,0.04,0.05,1.0,5
145,0.04,0.05,1.0,5
146,0.04,0.04,1.0,5
147,0.01,0.02,1.0,5
148,-0.11,0.02,1.04,5
149,-0.16,0.09,1.12,5
150,-0.25,0.25,1.05,5
151,-0.36,0.17,0.65,5
152,-0.58,0.01,0.89,5
153,-0.62,0.23,0.7,5
154,-0.75,0.23,0.57,5
155,-0.85,0.21,0.43,5
156,-0.76,0.14,0.55,5
157,-0.65,0.28,0.49,5
158,-0.58,0.13,0.86,5
159,-0.32,0.04,0.92,5
160,-0.11,0.04,0.94,5
161,-0.09,0.0,0.95,5
162,-0.09,-0.01,1.03,5
163,-0.1,0.0,0.95,5
164,-0.03,0.03,1.01,5
165,-0.01,0.04,0.99,5
166,0.0,0.06,1.01,5
167,0.04,0.05,1.0,5
168,0.04,0.05,1.0,5
169,0.04,0.05,1.0,5
170,0.05,0.03,1.0,5
171,0.04,0.04,1.0,5
172,0.04,0.05,1.0,5
173,0.04,0.05,1.0,5
174,0.04,0.04,1.0,5
175,0.04,0.05,1.0,5
176,0.04,0.04,1.0,5
177,0.04,0.05,1.0,5
178,0.04,0.04,1.0,5
179,0.04,0.04,1.0,5
180,0.04,0.05,1.0,5
181,0.04,0.05,1.0,5
182,0.04,0.05,1.0,5
183,0.04,0.05,1.0,5
184,0.04,0.05,1.0,5
185,0.04,0.05,1.0,5
186,0.04,0.04,1.0,5
187,0.04,0.05,1.0,5
188,0.04,0.04,1.0,5
189,0.04,0.05,1.0,5
190,0.04,0.05,1.0,5
191,0.04,0.05,1.0,5
192,0.04,0.04,1.0,5
193,0.04,0.05,1.0,5
194,0.04,0.04,1.0,5
195,0.04,0.04,1.0,5
196,0.04,0.05,1.0,5
197,0.04,0.05,1.0,5
198,0.04,0.04,1.0,5
199,0.04,0.04,1.0,5
200,0.04,0.05,1.0,5
201,0.04,0.05,1.0,5
202,0.04,0.04,1.0,5
203,0.04,0.05,1.0,5
204,0.05,0.06,1.0,5
205,-0.02,-0.0,1.02,5
206,-0.07,0.13,1.11,5
207,-0.21,0.13,0.79,5
208,-0.4,0.17,0.89,5
209,-0.43,0.14,0.84,5
210,-0.4,0.09,0.88,5
211,-0.65,0.07,0.83,5
212,-0.71,0.14,0.68,5
213,-0.75,0.14,0.54,5
214,-0.77,0.14,0.58,5
215,-0.78,0.05,0.63,5
216,-0.63,0.12,0.91,5
217,-0.25,0.09,1.02,5
218,-0.09,0.02,0.93,5
219,0.0,0.0,0.92,5
220,0.05,-0.01,1.01,5
221,0.01,0.11,1.01,5
222,-0.01,-0.02,1.1,5
223,0.04,0.03,1.0,5
224,0.02,0.05,0.98,5
225,0.02,0.04,1.0,5
226,0.04,0.05,1.0,5
227,0.04,0.05,1.0,5
228,0.05,0.05,1.0,5
229,0.04,0.04,1.0,5
230,0.04,0.05,1.0,5
231,0.04,0.04,1.0,5
232,0.04,0.04,1.0,5
233,0.04,0.04,1.0,5
234,0.04,0.04,1.0,5
235,0.04,0.05,1.0,5
236,0.04,0.05,1.0,5
237,0.04,0.04,1.0,5
238,0.04,0.05,1.0,5
239,0.04,0.04,1.0,5
240,0.04,0.04,1.0,5
241,0.04,0.05,1.0,5
242,0.04,0.04,1.0,5
243,0.04,0.04,1.0,5
244,0.04,0.04,1.0,5
245,0.04,0.05,1.0,5
246,0.04,0.04,1.0,5
247,0.04,0.04,1.0,5
248,0.04,0.04,1.0,5
249,0.04,0.05,1.0,5
250,0.04,0.05,1.0,5
251,0.04,0.05,1.0,5
252,0.04,0.04,1.0,5
253,0.04,0.05,1.0,5
254,0.04,0.05,1.0,5
255,0.04,0.04,1.0,5
256,0.05,0.04,1.0,5
257,0.04,0.05,1.0,5
258,0.04,0.05,1.0,5
259,0.04,0.04,1.0,5
260,0.03,0.03,1.04,5
261,-0.07,-0.0,1.16,5
262,-0.05,0.11,1.01,5
263,-0.2,0.13,0.96,5
264,-0.25,0.16,0.87,5
265,-0.33,0.21,0.97,5
266,-0.45,0.08,0.99,5
267,-0.57,0.09,0.79,5
268,-0.65,0.09,0.77,5
269,-0.67,0.12,0.71,5
270,-0.66,0.09,0.71,5
271,-0.55,0.09,0.93,5
272,-0.44,0.07,0.97,5
273,-0.22,0.04,0.98,5
274,-0.07,0.07,1.05,5
275,0.04,0.01,1.02,5
276,0.05,0.14,0.97,5
277,0.05,0.05,0.97,5
278,0.06,0.07,1.06,5
279,0.06,0.03,1.0,5
280,0.05,0.07,1.03,5
281,0.05,0.06,0.98,5
282,0.05,0.03,1.0,5
283,0.04,0.04,1.0,5
284,0.04,0.05,1.0,5
285,0.04,0.04,1.0,5
286,0.04,0.04,1.0,5
287,0.04,0.05,1.0,5
288,0.04,0.05,1.0,5
289,0.04,0.05,1.0,5
290,0.04,0.04,1.0,5
291,0.04,0.04,1.0,5
292,0.04,0.05,1.0,5
293,0.04,0.04,1.0,5
294,0.04,0.04,1.0,5
295,0.04,0.04,1.0,5
296,0.04,0.05,1.0,5
297,0.04,0.04,1.0,5
298,0.04,0.04,1.0,5
299,0.04,0.04,1.0,5
300,0.04,0.04,1.0,5
301,0.04,0.04,1.0,5
302,0.04,0.05,1.0,5
303,0.04,0.04,1.0,5
304,0.04,0.05,1.0,5
305,0.04,0.04,1.0,5
306,0.04,0.05,1.0,5
307,0.04,0.04,1.01,5
308,0.04,0.04,1.0,5
309,0.04,0.05,1.0,5
310,0.04,0.05,1.0,5
311,0.04,0.05,1.0,5
312,0.05,0.04,1.0,5
313,0.04,0.04,1.0,5
314,0.04,0.05,1.0,5
315,0.04,0.04,1.0,5
316,0.04,0.05,1.0,5
317,-0.05,-0.13,1.0,5
318,-0.13,0.04,1.02,5
319,-0.14,0.07,1.08,5
320,-0.37,0.11,0.74,5
321,-0.38,0.14,0.93,5
322,-0.63,0.2,0.7,5
323,-0.72,0.14,0.59,5
324,-0.74,0.17,0.76,5
325,-0.63,0.12,0.79,5
326,-0.68,0.09,0.77,5
327,-0.63,0.11,0.76,5
328,-0.53,0.09,0.77,5
329,-0.45,0.09,0.87,5
330,-0.19,0.05,0.9,5
331,-0.12,-0.08,1.0,5
332,-0.09,0.02,1.01,5
333,-0.05,-0.03,1.04,5
334,0.0,0.06,0.94,5
335,0.04,0.06,0.98,5
336,0.09,0.05,1.12,5
337,0.03,0.04,0.99,5
338,0.04,0.02,1.02,5
339,0.04,0.04,1.0,5
340,0.05,0.04,1.0,5
341,0.04,0.04,1.0,5
342,0.03,0.04,1.0,5
343,0.04,0.04,1.0,5
344,0.04,0.04,1.0,5
345,0.04,0.04,1.0,5
346,0.04,0.04,1.0,5
347,0.03,0.04,1.0,5
348,0.04,0.04,1.0,5
349,0.03,0.04,1.0,5
350,0.04,0.04,1.0,5
351,0.04,0.04,1.0,5
352,0.04,0.04,1.0,5
353,0.04,0.04,1.0,5
354,0.04,0.04,1.0,5
355,0.04,0.04,1.0,5
356,0.04,0.04,1.0,5
357,0.04,0.04,1.0,5
358,0.04,0.04,1.0,5
359,0.04,0.04,1.0,5
360,0.04,0.04,1.0,5
361,0.04,0.04,1.0,5
362,0.04,0.04,1.0,5
363,0.04,0.04,1.0,5
364,0.04,0.04,1.0,5
365,0.04,0.04,1.0,5
366,0.04,0.04,1.0,5
367,0.03,0.04,1.01,5
368,-0.05,0.02,1.02,5
369,-0.11,0.02,1.03,5
370,-0.2,0.09,1.14,5
371,-0.29,0.21,0.91,5
372,-0.49,0.21,0.8,5
373,-0.6,0.18,0.8,5
374,-0.66,0.08,0.72,5
375,-0.71,0.21,0.61,5
376,-0.76,0.1,0.65,5
377,-0.8,0.12,0.55,5
378,-0.8,0.07,0.66,5
379,-0.7,0.1,0.83,5
380,-0.46,0.04,0.77,5
381,-0.47,0.13,0.78,5
382,-0.24,0.08,0.91,5
383,-0.14,0.03,1.0,5
384,-0.09,-0.0,0.89,5
385,-0.03,0.07,1.09,5
386,0.0,0.07,0.93,5
387,0.02,0.07,1.03,5
388,0.03,-0.05,1.17,5
389,0.03,0.04,1.01,5
390,0.04,0.04,1.0,5
391,0.04,0.04,1.0,5
392,0.04,0.04,1.0,5
393,0.04,0.04,1.0,5
394,0.04,0.04,1.0,5
395,0.04,0.04,1.0,5
396,0.04,0.04,1.01,5
397,0.04,0.04,1.0,5
398,0.04,0.04,1.0,5
399,0.04,0.04,1.0,5
400,0.04,0.05,1.0,5
401,0.04,0.04,1.0,5
402,0.04,0.04,1.0,5
403,0.04,0.04,1.0,5
404,0.04,0.04,1.0,5
405,0.04,0.04,1.0,5
406,0.04,0.04,1.0,5
407,0.04,0.04,1.0,5
408,0.04,0.04,1.0,5
409,0.04,0.05,1.0,5
410,0.04,0.04,1.0,5
411,0.04,0.04,1.0,5
412,0.04,0.04,1.0,5
413,0.04,0.04,1.0,5
414,0.04,0.04,1.0,5
415,0.04,0.04,1.0,5
416,0.04,0.04,1.0,5
417,0.04,0.04,1.0,5
418,0.04,0.04,1.0,5
419,0.04,0.04,1.0,5
420,0.04,0.04,1.0,5
421,0.04,0.03,1.04,5
422,-0.09,0.12,1.08,5
423,-0.13,0.08,0.67,5
424,-0.27,0.24,0.8,5
425,-0.36,0.26,0.75,5
426,-0.48,0.24,0.74,5
427,-0.62,0.12,0.76,5
428,-0.72,0.11,0.76,5
429,-0.74,0.07,0.77,5
430,-0.7,0.05,0.73,5
431,-0.64,0.05,0.87,5
432,-0.54,0.08,0.86,5
433,-0.29,0.06,0.88,5
434,-0.24,0.09,0.87,5
435,-0.1,-0.05,1.0,5
436,-0.07,-0.03,1.0,5
437,-0.02,0.01,1.04,5
438,0.01,0.04,1.02,5
439,0.08,0.08,1.07,5
440,0.07,0.0,1.04,5
441,0.05,0.01,0.96,5
442,0.04,0.04,1.0,5
443,0.04,0.04,1.0,5
444,0.04,0.04,1.0,5
445,0.04,0.04,1.0,5
446,0.04,0.04,1.0,5
447,0.04,0.04,1.0,5
448,0.04,0.04,1.0,5
449,0.04,0.04,1.0,5
450,0.04,0.04,1.0,5
451,0.04,0.04,1.0,5
452,0.04,0.04,1.0,5
453,0.04,0.04,1.0,5
454,0.03,0.04,1.0,5
455,0.04,0.04,1.0,5
456,0.04,0.04,1.0,5
457,0.04,0.04,1.0,5
458,0.04,0.04,1.0,5
459,0.04,0.04,1.0,5
460,0.04,0.04,1.0,5
461,0.04,0.04,1.0,5
462,0.04,0.04,1.0,5
463,0.03,0.04,1.0,5
464,0.04,0.04,1.0,5
465,0.04,0.04,1.0,5
466,0.04,0.04,1.0,5
467,0.04,0.04,1.0,5
468,0.04,0.04,1.0,5
469,0.04,0.04,1.0,5
470,0.04,0.04,1.0,5
471,0.04,0.04,1.0,5
472,0.04,0.04,1.0,5
473,-0.08,0.03,1.0,5
474,0.04,0.05,1.0,5
475,0.01,0.09,1.25,5
476,-0.07,0.12,0.92,5
477,-0.12,0.03,1.08,5
478,-0.2,0.14,1.05,5
479,-0.5,0.15,0.78,5
480,-0.53,0.13,0.75,5
481,-0.69,0.13,0.62,5
482,-0.76,0.12,0.55,5
483,-0.75,0.12,0.72,5
484,-0.77,0.05,0.55,5
485,-0.75,0.05,0.72,5
486,-0.55,0.05,0.75,5
487,-0.39,-0.03,0.92,5
488,-0.27,0.12,0.99,5
489,-0.1,-0.0,1.07,5
490,0.0,-0.05,1.02,5
491,0.04,0.05,1.08,5
492,0.06,0.02,1.02,5
493,0.07,0.06,1.0,5
494,0.09,0.01,0.92,5
495,0.06,0.06,1.08,5
496,0.04,0.04,1.0,5
497,0.05,0.04,1.0,5
498,0.04,0.04,1.0,5
499,0.04,0.04,1.0,5
500,0.04,0.04,1.0,5
501,0.04,0.04,1.0,5
502,0.04,0.04,1.0,5
503,0.04,0.04,1.0,5
504,0.04,0.04,1.0,5
505,0.04,0.04,1.0,5
506,0.04,0.04,1.0,5
507,0.04,0.04,1.0,5
508,0.04,0.04,1.0,5
509,0.04,0.05,1.0,5
510,0.04,0.04,1.0,5
511,0.04,0.04,1.0,5
512,0.04,0.04,1.0,5
513,0.05,0.04,1.0,5
514,0.04,0.04,1.0,5
515,0.04,0.04,1.0,5
516,0.04,0.04,1.0,5
517,0.04,0.04,1.0,5
518,0.04,0.04,1.0,5
519,0.04,0.04,1.0,5
520,0.04,0.04,1.0,5
521,0.04,0.04,1.0,5
522,0.04,0.04,1.0,5
523,0.04,0.04,1.0,5
0,0.04,-0.04,1.01,6
1,0.03,-0.04,1.01,6
2,0.04,-0.03,1.0,6
3,0.04,-0.04,1.01,6
4,0.04,-0.04,1.01,6
5,0.04,-0.03,1.01,6
6,0.04,-0.04,1.01,6
7,0.03,-0.04,1.01,6
8,0.04,-0.04,1.01,6
9,0.04,-0.04,1.01,6
10,0.04,-0.03,1.01,6
11,0.04,-0.04,1.01,6
12,0.04,-0.04,1.01,6
13,0.04,-0.04,1.01,6
14,0.03,-0.04,1.01,6
15,0.04,-0.04,1.01,6
16,0.04,-0.04,1.01,6
17,0.03,-0.04,1.01,6
18,0.04,-0.04,1.01,6
19,0.04,-0.04,1.01,6
20,0.03,-0.03,1.01,6
21,0.03,-0.04,1.01,6
22,0.04,-0.04,1.01,6
23,0.04,-0.04,1.01,6
24,0.04,-0.03,1.0,6
25,0.03,-0.04,1.01,6
26,0.03,-0.04,1.0,6
27,0.03,-0.04,1.01,6
28,0.03,-0.04,1.01,6
29,0.04,-0.03,1.01,6
30,0.04,-0.03,1.01,6
31,0.04,-0.04,1.0,6
32,0.04,-0.03,1.01,6
33,0.04,-0.03,0.99,6
34,0.0,-0.04,1.1,6
35,-0.0,-0.08,1.13,6
36,-0.01,-0.14,1.05,6
37,-0.14,-0.12,0.92,6
38,-0.45,-0.01,0.85,6
39,-0.73,0.0,0.65,6
40,-0.91,-0.06,0.59,6
41,-0.92,0.18,0.21,6
42,-0.92,0.02,0.32,6
43,-0.88,0.03,0.39,6
44,-0.93,0.02,0.44,6
45,-0.75,0.06,0.76,6
46,-0.46,0.0,0.85,6
47,-0.21,0.16,0.83,6
48,-0.03,0.08,0.89,6
49,0.08,-0.04,1.11,6
50,0.03,0.04,0.99,6
51,0.05,-0.04,1.04,6
52,0.06,-0.09,1.03,6
53,0.05,-0.06,1.01,6
54,0.04,-0.03,1.01,6
55,0.03,-0.04,1.01,6
56,0.03,-0.04,1.01,6
57,0.04,-0.03,1.01,6
58,0.04,-0.04,1.01,6
59,0.04,-0.04,1.01,6
60,0.04,-0.04,1.01,6
61,0.03,-0.04,1.01,6
62,0.04,-0.04,1.01,6
63,0.03,-0.04,1.01,6
64,0.04,-0.03,1.0,6
65,0.04,-0.03,1.01,6
66,0.03,-0.04,1.01,6
67,0.04,-0.04,1.01,6
68,0.04,-0.03,1.0,6
69,0.04,-0.03,1.01,6
70,0.04,-0.04,1.01,6
71,0.03,-0.04,1.01,6
72,0.04,-0.04,1.0,6
73,0.04,-0.03,1.01,6
74,0.03,-0.03,1.01,6
75,0.04,-0.04,1.01,6
76,0.04,-0.03,1.01,6
77,0.04,-0.04,1.01,6
78,0.03,-0.04,1.0,6
79,0.03,-0.03,1.01,6
80,0.04,-0.04,1.01,6
81,0.04,-0.04,1.01,6
82,0.04,-0.03,1.01,6
83,0.04,-0.03,1.01,6
84,0.04,-0.04,1.01,6
85,0.02,-0.05,1.03,6
86,-0.05,0.02,1.07,6
87,-0.13,0.04,1.0,6
88,-0.27,0.03,0.89,6
89,-0.43,0.13,0.89,6
90,-0.68,0.12,0.7,6
91,-0.82,0.07,0.45,6
92,-0.8,0.07,0.48,6
93,-0.83,0.0,0.52,6
94,-0.84,0.07,0.49,6
95,-0.81,0.11,0.48,6
96,-0.63,0.26,0.74,6
97,-0.45,0.0,0.98,6
98,-0.19,0.23,1.01,6
99,0.0,-0.07,1.18,6
100,0.0,0.09,0.98,6
101,0.06,-0.07,1.02,6
102,0.05,-0.07,1.07,6
103,0.07,-0.02,0.81,6
104,0.01,-0.01,1.01,6
105,0.03,-0.03,1.01,6
106,0.04,-0.04,1.01,6
107,0.04,-0.04,1.01,6
108,0.04,-0.04,1.01,6
109,0.04,-0.04,1.01,6
110,0.04,-0.04,1.01,6
111,0.04,-0.03,1.01,6
112,0.04,-0.04,1.01,6
113,0.04,-0.04,1.01,6
114,0.04,-0.04,1.01,6
115,0.04,-0.04,1.01,6
116,0.04,-0.04,1.01,6
117,0.04,-0.03,1.01,6
118,0.04,-0.04,1.01,6
119,0.04,-0.03,1.01,6
120,0.04,-0.04,1.01,6
121,0.04,-0.03,1.01,6
122,0.04,-0.04,1.01,6
123,0.04,-0.04,1.01,6
124,0.04,-0.03,1.01,6
125,0.04,-0.03,1.01,6
126,0.04,-0.03,1.01,6
127,0.04,-0.04,1.01,6
128,0.04,-0.04,1.01,6
129,0.04,-0.04,1.01,6
130,0.04,-0.04,1.0,6
131,0.04,-0.03,1.0,6
132,0.04,-0.03,1.01,6
133,0.04,-0.04,1.01,6
134,0.03,-0.04,1.0,6
135,0.04,-0.03,1.0,6
136,0.03,-0.01,1.04,6
137,0.0,-0.05,1.05,6
138,-0.02,-0.04,1.04,6
139,0.01,0.0,0.86,6
140,-0.05,-0.02,1.16,6
141,-0.16,-0.04,1.12,6
142,-0.29,0.07,0.9,6
143,-0.52,-0.05,0.73,6
144,-0.83,0.12,0.7,6
145,-0.84,0.12,0.36,6
146,-0.91,0.18,0.43,6
147,-0.88,0.05,0.47,6
148,-0.88,0.02,0.43,6
149,-0.81,0.09,0.49,6
150,-0.73,0.11,0.78,6
151,-0.63,0.12,0.57,6
152,-0.35,0.36,0.86,6
153,-0.12,-0.28,1.0,6
154,0.0,0.03,0.87,6
155,0.09,0.09,1.11,6
156,0.05,0.03,0.95,6
157,0.04,0.14,1.03,6
158,0.08,-0.02,0.88,6
159,0.04,-0.06,0.97,6
160,0.03,-0.03,1.01,6
161,0.04,-0.04,1.0,6
162,0.04,-0.04,1.01,6
163,0.04,-0.04,1.01,6
164,0.04,-0.04,1.01,6
165,0.04,-0.04,1.01,6
166,0.03,-0.04,1.01,6
167,0.04,-0.04,1.01,6
168,0.04,-0.04,1.01,6
169,0.03,-0.03,1.0,6
170,0.04,-0.04,1.01,6
171,0.04,-0.03,1.01,6
172,0.04,-0.04,1.01,6
173,0.04,-0.03,1.0,6
174,0.04,-0.04,1.01,6
175,0.04,-0.03,1.01,6
176,0.04,-0.04,1.0,6
177,0.04,-0.04,1.01,6
178,0.04,-0.04,1.01,6
179,0.04,-0.03,1.0,6
180,0.04,-0.04,1.01,6
181,0.04,-0.04,1.01,6
182,0.03,-0.04,1.01,6
183,0.04,-0.04,1.01,6
184,0.04,-0.04,1.01,6
185,0.04,-0.04,1.01,6
186,0.03,-0.04,1.01,6
187,0.04,-0.03,1.0,6
188,0.02,-0.01,1.32,6
189,0.0,-0.04,1.02,6
190,-0.05,-0.02,1.11,6
191,-0.21,-0.09,1.09,6
192,-0.39,0.07,0.84,6
193,-0.56,0.06,0.82,6
194,-0.67,0.07,0.65,6
195,-0.74,0.02,0.63,6
196,-0.86,0.17,0.46,6
197,-0.84,0.1,0.58,6
198,-0.83,0.05,0.55,6
199,-0.86,0.08,0.5,6
200,-0.87,0.12,0.5,6
201,-0.85,0.12,0.45,6
202,-0.85,0.15,0.48,6
203,-0.82,0.16,0.57,6
204,-0.77,0.16,0.64,6
205,-0.59,0.17,0.68,6
206,-0.28,0.24,0.82,6
207,-0.21,0.14,1.04,6
208,-0.09,0.0,1.14,6
209,0.05,0.11,0.97,6
210,0.05,-0.12,1.05,6
211,0.04,-0.1,1.19,6
212,0.03,-0.03,1.01,6
213,0.04,-0.04,1.01,6
214,0.04,-0.03,1.01,6
215,0.04,-0.03,1.01,6
216,0.04,-0.04,1.01,6
217,0.04,-0.03,1.01,6
218,0.04,-0.04,1.01,6
219,0.04,-0.03,1.01,6
220,0.04,-0.04,1.01,6
221,0.04,-0.03,1.01,6
222,0.03,-0.04,1.01,6
223,0.04,-0.04,1.0,6
224,0.04,-0.04,1.01,6
225,0.04,-0.03,1.01,6
226,0.04,-0.04,1.01,6
227,0.04,-0.04,1.01,6
228,0.04,-0.03,1.01,6
229,0.03,-0.04,1.01,6
230,0.04,-0.03,1.01,6
231,0.04,-0.03,1.01,6
232,0.04,-0.04,1.01,6
233,0.03,-0.03,1.0,6
234,0.04,-0.03,1.0,6
235,0.04,-0.04,1.01,6
236,0.04,-0.04,1.01,6
237,0.04,-0.04,1.01,6
238,0.04,-0.04,1.01,6
239,0.04,-0.04,1.01,6
240,0.03,-0.03,1.01,6
241,0.03,-0.04,1.01,6
242,-0.01,-0.0,1.09,6
243,-0.01,-0.05,0.98,6
244,-0.06,0.01,1.0,6
245,-0.14,0.07,0.85,6
246,-0.39,0.04,0.88,6
247,-0.59,0.11,0.83,6
248,-0.76,0.13,0.75,6
249,-0.82,0.14,0.57,6
250,-0.83,0.08,0.52,6
251,-0.84,0.08,0.47,6
252,-0.83,0.04,0.52,6
253,-0.76,0.11,0.61,6
254,-0.54,0.11,0.57,6
255,-0.36,0.12,0.83,6
256,-0.25,0.14,1.04,6
257,-0.14,-0.02,0.99,6
258,0.0,-0.04,1.08,6
259,-0.03,-0.03,0.92,6
260,0.02,-0.02,1.02,6
261,0.04,-0.04,1.02,6
262,0.04,-0.04,1.01,6
263,0.03,-0.04,1.01,6
264,0.04,-0.04,1.0,6
265,0.04,-0.03,1.01,6
266,0.04,-0.04,1.01,6
267,0.03,-0.04,1.01,6
268,0.03,-0.03,1.01,6
269,0.03,-0.04,1.01,6
270,0.04,-0.04,1.01,6
271,0.04,-0.04,1.01,6
272,0.04,-0.03,1.01,6
273,0.04,-0.03,1.0,6
274,0.04,-0.04,1.01,6
275,0.04,-0.04,1.01,6
276,0.04,-0.04,1.01,6
277,0.04,-0.04,1.0,6
278,0.03,-0.04,1.01,6
279,0.04,-0.04,1.01,6
280,0.04,-0.03,1.01,6
281,0.04,-0.04,1.0,6
282,0.04,-0.04,1.01,6
283,0.04,-0.04,1.01,6
284,0.04,-0.04,1.01,6
285,0.04,-0.03,1.01,6
286,0.04,-0.03,1.01,6
287,0.03,-0.04,1.0,6
288,0.03,-0.04,1.01,6
289,0.03,-0.04,1.0,6
290,0.03,-0.04,1.01,6
291,0.02,-0.02,1.01,6
292,0.01,-0.01,1.06,6
293,0.04,-0.02,1.09,6
294,0.02,0.0,1.03,6
295,0.01,-0.01,0.95,6
296,-0.09,0.02,1.1,6
297,-0.28,0.04,0.8,6
298,-0.55,0.0,0.95,6
299,-0.74,0.07,0.52,6
300,-0.88,0.14,0.31,6
301,-0.88,0.0,0.37,6
302,-0.93,0.07,0.39,6
303,-0.91,0.17,0.39,6
304,-0.91,0.1,0.39,6
305,-0.85,0.06,0.45,6
306,-0.84,0.16,0.46,6
307,-0.64,0.11,0.75,6
308,-0.47,-0.04,0.78,6
309,-0.33,0.11,0.8,6
310,-0.18,-0.16,1.03,6
311,-0.05,-0.09,1.08,6
312,0.05,-0.13,1.02,6
313,0.05,-0.07,1.12,6
314,0.05,-0.04,0.91,6
315,0.04,-0.03,1.01,6
316,0.04,-0.03,1.01,6
317,0.03,-0.03,1.01,6
318,0.03,-0.04,1.01,6
319,0.03,-0.04,1.01,6
320,0.04,-0.03,1.0,6
321,0.04,-0.04,1.01,6
322,0.04,-0.04,1.01,6
323,0.04,-0.03,1.01,6
324,0.04,-0.04,1.0,6
325,0.03,-0.03,1.01,6
326,0.04,-0.04,1.01,6
327,0.04,-0.04,1.0,6
328,0.03,-0.03,1.01,6
329,0.04,-0.04,1.01,6
330,0.03,-0.04,1.0,6
331,0.04,-0.04,1.01,6
332,0.04,-0.04,1.01,6
333,0.04,-0.04,1.01,6
334,0.04,-0.04,1.01,6
335,0.04,-0.04,1.01,6
336,0.04,-0.04,1.01,6
337,0.03,-0.03,1.01,6
338,0.04,-0.04,1.0,6
339,0.04,-0.04,1.01,6
340,0.04,-0.04,1.01,6
341,0.03,-0.04,1.01,6
342,0.04,-0.04,1.01,6
343,0.03,-0.04,1.01,6
344,0.04,-0.04,1.01,6
345,0.02,-0.02,1.02,6
346,0.03,-0.05,1.02,6
347,-0.01,-0.07,1.18,6
348,0.02,-0.04,1.02,6
349,0.01,0.09,0.86,6
350,-0.11,0.04,0.82,6
351,-0.42,0.05,0.91,6
352,-0.64,0.18,0.78,6
353,-0.7,-0.01,0.58,6
354,-0.83,0.1,0.41,6
355,-0.87,0.05,0.39,6
356,-0.86,0.02,0.45,6
357,-0.86,0.07,0.47,6
358,-0.87,0.09,0.55,6
359,-0.76,0.07,0.63,6
360,-0.54,0.08,0.7,6
361,-0.35,0.04,0.68,6
362,-0.15,0.25,1.07,6
363,-0.01,-0.06,1.0,6
364,0.07,0.1,1.02,6
365,0.06,-0.08,1.08,6
366,0.05,-0.0,1.08,6
367,0.02,-0.03,1.12,6
368,0.0,0.02,1.14,6
369,0.04,-0.03,1.01,6
370,0.04,-0.03,1.01,6
371,0.04,-0.04,1.01,6
372,0.04,-0.04,1.0,6
373,0.04,-0.04,1.01,6
374,0.04,-0.04,1.01,6
375,0.03,-0.03,1.01,6
376,0.04,-0.04,1.01,6
377,0.04,-0.04,1.0,6
378,0.04,-0.04,1.01,6
379,0.04,-0.04,1.01,6
380,0.04,-0.04,1.01,6
381,0.04,-0.04,1.0,6
382,0.04,-0.04,1.01,6
383,0.04,-0.04,1.01,6
384,0.04,-0.04,1.01,6
385,0.04,-0.04,1.01,6
386,0.04,-0.03,1.01,6
387,0.04,-0.04,1.01,6
388,0.04,-0.03,1.01,6
389,0.03,-0.04,1.01,6
390,0.04,-0.03,1.01,6
391,0.04,-0.03,1.01,6
392,0.04,-0.04,1.01,6
393,0.03,-0.04,1.01,6
394,0.03,-0.02,1.02,6
395,0.04,-0.06,1.02,6
396,0.0,0.09,1.09,6
397,-0.0,-0.1,1.04,6
398,-0.13,0.06,0.96,6
399,-0.21,0.07,0.78,6
400,-0.36,0.08,0.82,6
401,-0.66,0.04,0.88,6
402,-0.75,0.1,0.57,6
403,-0.84,0.13,0.52,6
404,-0.88,0.08,0.41,6
405,-0.87,0.08,0.44,6
406,-0.85,0.11,0.48,6
407,-0.87,0.16,0.71,6
408,-0.67,0.12,0.75,6
409,-0.36,0.03,0.91,6
410,-0.17,0.24,0.88,6
411,0.09,0.08,0.99,6
412,0.18,-0.0,0.82,6
413,0.11,-0.05,1.16,6
414,0.04,0.07,0.97,6
415,0.04,-0.05,1.06,6
416,0.03,0.0,1.03,6
417,0.02,0.03,0.92,6
418,0.03,-0.04,1.03,6
419,0.04,-0.04,1.01,6
420,0.04,-0.04,1.01,6
421,0.04,-0.04,1.0,6
422,0.04,-0.04,1.0,6
423,0.04,-0.04,1.02,6
424,0.04,-0.04,1.01,6
425,0.04,-0.04,1.01,6
426,0.04,-0.04,1.01,6
427,0.04,-0.03,1.01,6
428,0.04,-0.04,1.01,6
429,0.04,-0.04,1.0,6
430,0.04,-0.04,1.01,6
431,0.03,-0.03,1.01,6
432,0.03,-0.04,1.01,6
433,0.04,-0.04,1.01,6
434,0.04,-0.04,1.0,6
435,0.04,-0.04,1.01,6
436,0.04,-0.04,1.0,6
437,0.04,-0.04,1.01,6
438,0.04,-0.03,1.01,6
439,0.04,-0.03,1.0,6
440,0.04,-0.04,1.01,6
