,Unnamed: 0,x,y,z,subject,gesture_name
0,0,0.04,0.02,1.0,1,Lift
1,1,0.04,0.02,1.0,1,Lift
2,2,0.04,0.02,1.0,1,Lift
3,3,0.04,0.02,1.0,1,Lift
4,4,0.04,0.02,1.0,1,Lift
5,5,0.04,0.02,1.0,1,Lift
6,6,0.04,0.02,1.0,1,Lift
7,7,0.04,0.02,1.0,1,Lift
8,8,0.04,0.02,1.0,1,Lift
9,9,0.04,0.02,1.0,1,Lift
10,10,0.04,0.02,1.0,1,Lift
11,11,0.04,0.02,1.0,1,Lift
12,12,0.04,0.02,1.0,1,Lift
13,13,0.04,0.02,1.0,1,Lift
14,14,0.04,0.02,1.0,1,Lift
15,15,0.04,0.02,1.0,1,Lift
16,16,0.04,0.02,1.0,1,Lift
17,17,0.04,0.02,1.0,1,Lift
18,18,0.04,0.02,1.0,1,Lift
19,19,0.04,0.02,1.0,1,Lift
20,20,0.04,0.02,1.0,1,Lift
21,21,0.04,0.02,1.0,1,Lift
22,22,0.04,0.02,1.0,1,Lift
23,23,0.04,0.02,1.0,1,Lift
24,24,0.04,0.02,1.0,1,Lift
25,25,0.04,0.02,1.0,1,Lift
26,26,0.04,0.02,1.0,1,Lift
27,27,0.04,0.02,1.0,1,Lift
28,28,0.04,0.02,1.0,1,Lift
29,29,0.04,0.02,1.0,1,Lift
30,30,0.04,0.02,1.0,1,Lift
31,31,0.04,0.02,1.0,1,Lift
32,32,0.04,0.02,1.0,1,Lift
33,33,0.04,0.02,1.0,1,Lift
34,34,0.04,0.02,1.0,1,Lift
35,35,0.04,0.02,1.0,1,Lift
36,36,0.04,0.02,1.0,1,Lift
37,37,0.04,0.02,1.0,1,Lift
38,38,0.04,0.02,1.0,1,Lift
39,39,0.04,0.02,1.0,1,Lift
40,40,0.04,0.02,1.0,1,Lift
41,41,0.04,0.02,1.0,1,Lift
42,42,0.04,0.02,1.0,1,Lift
43,43,0.07,0.05,1.0,1,Lift
44,44,0.05,0.02,1.0,1,Lift
45,45,0.06,0.0,1.0,1,Lift
46,46,0.03,0.05,1.02,1,Lift
47,47,0.08,0.08,1.01,1,Lift
48,48,0.06,0.12,1.0,1,Lift
49,49,0.07,0.05,1.12,1,Lift
50,50,0.11,0.07,0.99,1,Lift
51,51,0.14,0.11,0.95,1,Lift
52,52,0.15,0.06,0.98,1,Lift
53,53,0.12,0.09,0.95,1,Lift
54,54,0.11,0.06,0.91,1,Lift
55,55,0.1,0.1,1.11,1,Lift
56,56,0.14,0.08,1.02,1,Lift
57,57,0.13,0.1,0.97,1,Lift
58,58,0.1,0.07,1.02,1,Lift
59,59,0.1,0.06,1.04,1,Lift
60,60,0.07,0.1,0.94,1,Lift
61,61,0.04,0.11,1.05,1,Lift
62,62,0.02,0.08,0.99,1,Lift
63,63,0.01,0.1,1.06,1,Lift
64,64,0.02,0.08,1.04,1,Lift
65,65,0.0,0.04,1.05,1,Lift
66,66,0.08,-0.01,1.0,1,Lift
67,67,0.03,0.0,1.0,1,Lift
68,68,0.02,0.04,1.02,1,Lift
69,69,0.04,0.02,1.0,1,Lift
70,70,0.04,0.02,1.0,1,Lift
71,71,0.04,0.02,1.0,1,Lift
72,72,0.04,0.02,1.0,1,Lift
73,73,0.04,0.02,1.0,1,Lift
74,74,0.04,0.02,1.0,1,Lift
75,75,0.04,0.02,1.0,1,Lift
76,76,0.04,0.02,1.0,1,Lift
77,77,0.04,0.02,1.0,1,Lift
78,78,0.04,0.02,1.0,1,Lift
79,79,0.04,0.02,1.0,1,Lift
80,80,0.04,0.02,1.0,1,Lift
81,81,0.04,0.03,1.0,1,Lift
82,82,0.04,0.02,1.0,1,Lift
83,83,0.04,0.02,1.0,1,Lift
84,84,0.04,0.02,1.0,1,Lift
85,85,0.04,0.02,1.0,1,Lift
86,86,0.04,0.02,1.0,1,Lift
87,87,0.04,0.02,1.0,1,Lift
88,88,0.04,0.02,1.0,1,Lift
89,89,0.04,0.02,1.0,1,Lift
90,90,0.04,0.02,1.0,1,Lift
91,91,0.04,0.02,1.0,1,Lift
92,92,0.04,0.02,1.0,1,Lift
93,93,0.04,0.03,1.0,1,Lift
94,94,0.04,0.02,1.0,1,Lift
95,95,0.04,0.02,1.0,1,Lift
96,96,0.04,0.02,1.0,1,Lift
97,97,0.04,0.02,1.0,1,Lift
98,98,0.04,0.02,1.0,1,Lift
99,99,0.04,0.02,1.0,1,Lift
100,100,0.04,0.02,1.0,1,Lift
101,101,0.04,0.03,1.0,1,Lift
102,102,0.03,0.03,1.0,1,Lift
103,103,0.04,0.02,1.0,1,Lift
104,104,0.04,0.02,1.0,1,Lift
105,105,0.04,0.02,1.0,1,Lift
106,106,0.04,0.02,1.0,1,Lift
107,107,0.03,0.02,1.0,1,Lift
108,108,0.04,0.03,1.03,1,Lift
109,109,-0.04,0.01,1.1,1,Lift
110,110,0.0,0.02,1.05,1,Lift
111,111,0.02,0.18,0.93,1,Lift
112,112,0.1,0.01,0.98,1,Lift
113,113,0.11,0.04,0.97,1,Lift
114,114,0.12,0.13,0.88,1,Lift
115,115,0.1,0.09,0.99,1,Lift
116,116,0.11,0.03,0.94,1,Lift
117,117,0.09,0.04,0.98,1,Lift
118,118,0.08,0.06,0.94,1,Lift
119,119,0.06,0.11,1.0,1,Lift
120,120,0.05,0.07,0.96,1,Lift
121,121,0.03,0.14,0.97,1,Lift
122,122,0.01,0.11,0.95,1,Lift
123,123,0.01,0.07,1.06,1,Lift
124,124,0.03,0.09,1.03,1,Lift
125,125,0.05,0.01,1.02,1,Lift
126,126,0.05,0.02,1.0,1,Lift
127,127,0.04,0.03,1.0,1,Lift
128,128,0.04,0.03,1.0,1,Lift
129,129,0.04,0.03,1.0,1,Lift
130,130,0.04,0.03,1.0,1,Lift
131,131,0.04,0.03,1.0,1,Lift
132,132,0.04,0.03,1.0,1,Lift
133,133,0.04,0.03,1.0,1,Lift
134,134,0.04,0.03,1.0,1,Lift
135,135,0.04,0.03,1.0,1,Lift
136,136,0.04,0.03,1.0,1,Lift
137,137,0.03,0.03,1.0,1,Lift
138,138,0.04,0.03,1.0,1,Lift
139,139,0.04,0.03,1.0,1,Lift
140,140,0.04,0.03,1.0,1,Lift
141,141,0.04,0.03,1.0,1,Lift
142,142,0.04,0.03,1.0,1,Lift
143,143,0.03,0.03,1.0,1,Lift
144,144,0.04,0.03,1.0,1,Lift
145,145,0.04,0.03,1.0,1,Lift
146,146,0.04,0.03,1.0,1,Lift
147,147,0.04,0.03,1.0,1,Lift
148,148,0.04,0.03,1.0,1,Lift
149,149,0.04,0.03,1.0,1,Lift
150,150,0.04,0.03,1.0,1,Lift
151,151,0.04,0.03,1.0,1,Lift
152,152,0.04,0.03,1.0,1,Lift
153,153,0.04,0.03,1.0,1,Lift
154,154,0.04,0.03,1.0,1,Lift
155,155,0.04,0.03,1.0,1,Lift
156,156,0.04,0.03,1.0,1,Lift
157,157,0.04,0.02,1.0,1,Lift
158,158,0.04,0.03,1.0,1,Lift
159,159,0.04,0.03,1.0,1,Lift
160,160,0.04,0.03,1.0,1,Lift
161,161,0.04,0.03,1.0,1,Lift
162,162,0.04,0.03,1.0,1,Lift
163,163,0.04,0.03,1.0,1,Lift
164,164,0.04,-0.02,1.0,1,Lift
165,165,0.04,0.02,1.0,1,Lift
166,166,0.06,0.02,1.06,1,Lift
167,167,0.03,0.0,0.95,1,Lift
168,168,0.04,0.08,0.94,1,Lift
169,169,0.03,0.07,1.01,1,Lift
170,170,0.07,0.16,1.01,1,Lift
171,171,0.12,0.15,1.01,1,Lift
172,172,0.14,0.12,0.84,1,Lift
173,173,0.14,0.13,0.98,1,Lift
174,174,0.12,0.15,0.98,1,Lift
175,175,0.11,0.09,0.96,1,Lift
176,176,0.09,0.07,0.94,1,Lift
177,177,0.06,0.11,1.06,1,Lift
178,178,0.04,0.07,1.01,1,Lift
179,179,0.02,0.08,1.0,1,Lift
180,180,0.02,0.05,1.0,1,Lift
181,181,0.0,0.07,0.99,1,Lift
182,182,0.02,0.03,1.02,1,Lift
183,183,0.05,0.03,0.98,1,Lift
184,184,0.07,-0.02,1.0,1,Lift
185,185,0.06,0.08,1.0,1,Lift
186,186,0.04,0.03,1.0,1,Lift
187,187,0.03,0.03,1.0,1,Lift
188,188,0.04,0.03,1.0,1,Lift
189,189,0.04,0.03,1.0,1,Lift
190,190,0.04,0.03,1.01,1,Lift
191,191,0.04,0.03,1.0,1,Lift
192,192,0.04,0.03,1.0,1,Lift
193,193,0.04,0.03,1.0,1,Lift
194,194,0.04,0.03,1.0,1,Lift
195,195,0.04,0.03,1.0,1,Lift
196,196,0.04,0.03,1.0,1,Lift
197,197,0.04,0.03,1.0,1,Lift
198,198,0.04,0.03,1.0,1,Lift
199,199,0.04,0.02,1.0,1,Lift
200,200,0.04,0.03,1.0,1,Lift
201,201,0.04,0.02,1.0,1,Lift
202,202,0.04,0.02,1.0,1,Lift
203,203,0.04,0.02,1.0,1,Lift
204,204,0.04,0.03,1.0,1,Lift
205,205,0.04,0.03,1.0,1,Lift
206,206,0.04,0.03,1.0,1,Lift
207,207,0.04,0.03,1.0,1,Lift
208,208,0.04,0.03,1.0,1,Lift
209,209,0.04,0.03,1.0,1,Lift
210,210,0.04,0.03,1.0,1,Lift
211,211,0.04,0.03,1.0,1,Lift
212,212,0.03,0.03,1.0,1,Lift
213,213,0.03,0.03,1.0,1,Lift
214,214,0.04,0.03,1.0,1,Lift
215,215,0.04,0.03,1.0,1,Lift
216,216,0.04,0.03,1.0,1,Lift
217,217,0.04,0.03,1.0,1,Lift
218,218,0.04,0.03,1.0,1,Lift
219,219,0.04,0.03,1.0,1,Lift
220,220,0.04,0.03,1.0,1,Lift
221,221,0.04,0.04,1.0,1,Lift
222,222,0.04,0.03,1.0,1,Lift
223,223,0.04,0.03,1.0,1,Lift
224,224,0.04,0.02,1.0,1,Lift
225,225,0.02,0.0,1.0,1,Lift
226,226,0.03,0.06,1.0,1,Lift
227,227,0.01,0.03,1.08,1,Lift
228,228,-0.01,0.02,0.86,1,Lift
229,229,-0.0,0.05,1.0,1,Lift
230,230,0.01,-0.03,1.0,1,Lift
231,231,0.05,0.07,1.01,1,Lift
232,232,0.08,0.09,0.98,1,Lift
233,233,0.07,0.06,0.96,1,Lift
234,234,0.09,0.08,0.96,1,Lift
235,235,0.08,0.06,1.0,1,Lift
236,236,0.1,0.06,1.01,1,Lift
237,237,0.11,0.06,1.01,1,Lift
238,238,0.08,0.08,0.94,1,Lift
239,239,0.07,0.04,0.99,1,Lift
240,240,0.07,0.07,0.95,1,Lift
241,241,0.07,0.15,1.07,1,Lift
242,242,0.03,0.18,1.09,1,Lift
243,243,0.02,0.1,1.0,1,Lift
244,244,0.02,0.09,1.01,1,Lift
245,245,0.02,0.06,1.02,1,Lift
246,246,0.05,0.01,0.99,1,Lift
247,247,0.05,0.01,1.0,1,Lift
248,248,0.04,0.03,1.0,1,Lift
249,249,0.04,0.03,1.0,1,Lift
250,250,0.04,0.03,1.0,1,Lift
251,251,0.04,0.03,1.0,1,Lift
252,252,0.04,0.03,1.0,1,Lift
253,253,0.04,0.03,1.0,1,Lift
254,254,0.04,0.02,1.0,1,Lift
255,255,0.04,0.03,1.0,1,Lift
256,256,0.03,0.03,1.0,1,Lift
257,257,0.03,0.03,1.0,1,Lift
258,258,0.04,0.03,1.0,1,Lift
259,259,0.04,0.03,1.0,1,Lift
260,260,0.04,0.03,1.0,1,Lift
261,261,0.04,0.02,1.0,1,Lift
262,262,0.04,0.03,1.0,1,Lift
263,263,0.04,0.03,1.0,1,Lift
264,264,0.04,0.03,1.0,1,Lift
265,265,0.04,0.03,1.0,1,Lift
266,266,0.04,0.03,1.0,1,Lift
267,267,0.04,0.03,1.0,1,Lift
268,268,0.04,0.03,1.0,1,Lift
269,269,0.04,0.03,1.0,1,Lift
270,270,0.04,0.02,1.0,1,Lift
271,271,0.04,0.03,1.0,1,Lift
272,272,0.04,0.03,1.0,1,Lift
273,273,0.04,0.03,1.0,1,Lift
274,274,0.04,0.03,1.0,1,Lift
275,275,0.04,0.03,1.0,1,Lift
276,276,0.04,0.03,1.0,1,Lift
277,277,0.04,0.03,1.0,1,Lift
278,278,0.04,0.03,1.0,1,Lift
279,279,0.04,0.03,1.0,1,Lift
280,280,0.04,0.03,1.0,1,Lift
281,281,0.04,0.03,1.0,1,Lift
282,282,0.04,0.03,1.0,1,Lift
283,283,0.04,0.03,1.0,1,Lift
284,284,0.04,0.03,1.0,1,Lift
285,285,0.04,0.03,1.0,1,Lift
286,286,0.04,0.03,1.0,1,Lift
287,287,0.04,0.03,1.0,1,Lift
288,288,0.03,0.05,1.0,1,Lift
289,289,0.02,0.02,1.0,1,Lift
290,290,-0.01,0.07,1.03,1,Lift
291,291,-0.03,-0.05,1.03,1,Lift
292,292,-0.06,0.02,1.06,1,Lift
293,293,-0.01,0.01,1.06,1,Lift
294,294,0.03,0.0,1.03,1,Lift
295,295,0.07,0.09,0.93,1,Lift
296,296,0.09,0.11,0.99,1,Lift
297,297,0.07,0.1,0.95,1,Lift
298,298,0.09,0.02,0.96,1,Lift
299,299,0.07,0.1,1.04,1,Lift
300,300,0.04,0.12,0.98,1,Lift
301,301,0.05,0.04,1.03,1,Lift
302,302,0.04,0.04,0.99,1,Lift
303,303,0.01,0.05,0.99,1,Lift
304,304,0.0,0.09,0.94,1,Lift
305,305,0.07,0.0,0.99,1,Lift
306,306,0.05,0.03,1.0,1,Lift
307,307,-0.02,0.05,0.95,1,Lift
308,308,0.04,0.03,1.0,1,Lift
309,309,0.04,0.03,1.0,1,Lift
310,310,0.04,0.03,1.0,1,Lift
311,311,0.04,0.02,1.0,1,Lift
312,312,0.04,0.03,1.0,1,Lift
313,313,0.04,0.02,1.0,1,Lift
314,314,0.03,0.03,1.01,1,Lift
315,315,0.04,0.03,1.0,1,Lift
316,316,0.04,0.03,1.0,1,Lift
317,317,0.04,0.03,1.0,1,Lift
318,318,0.03,0.03,1.0,1,Lift
319,319,0.04,0.03,1.0,1,Lift
320,320,0.04,0.02,1.0,1,Lift
321,321,0.04,0.03,1.0,1,Lift
322,322,0.04,0.03,1.0,1,Lift
323,323,0.04,0.03,1.0,1,Lift
324,324,0.04,0.03,1.0,1,Lift
325,325,0.03,0.03,1.0,1,Lift
326,326,0.04,0.03,1.0,1,Lift
327,327,0.04,0.03,1.0,1,Lift
328,328,0.04,0.03,1.0,1,Lift
329,329,0.04,0.03,1.0,1,Lift
330,330,0.03,0.03,1.0,1,Lift
331,331,0.04,0.03,1.0,1,Lift
332,332,0.04,0.03,1.0,1,Lift
333,333,0.04,0.03,1.0,1,Lift
334,334,0.04,0.03,1.0,1,Lift
335,335,0.04,0.03,1.0,1,Lift
336,336,0.04,0.03,1.0,1,Lift
337,337,0.04,0.03,1.0,1,Lift
338,338,0.04,0.03,1.0,1,Lift
339,339,0.04,0.03,1.0,1,Lift
340,340,0.04,0.03,1.0,1,Lift
341,341,0.04,0.03,1.0,1,Lift
342,342,0.04,0.03,1.0,1,Lift
343,343,0.04,0.03,1.0,1,Lift
344,344,0.04,0.03,1.0,1,Lift
345,345,0.04,0.03,1.0,1,Lift
346,346,0.04,0.03,1.0,1,Lift
347,347,0.04,0.02,1.0,1,Lift
348,348,0.04,0.03,1.0,1,Lift
349,349,0.04,0.02,1.01,1,Lift
350,350,-0.01,0.05,1.03,1,Lift
351,351,0.02,0.01,0.99,1,Lift
352,352,-0.02,0.04,1.16,1,Lift
353,353,0.07,0.16,0.99,1,Lift
354,354,0.09,0.09,0.95,1,Lift
355,355,0.14,0.11,0.89,1,Lift
356,356,0.11,0.13,0.98,1,Lift
357,357,0.12,0.14,0.95,1,Lift
358,358,0.14,0.15,0.96,1,Lift
359,359,0.1,0.13,1.01,1,Lift
360,360,0.08,0.11,1.05,1,Lift
361,361,0.04,0.05,1.04,1,Lift
362,362,0.02,0.09,1.05,1,Lift
363,363,0.0,0.05,1.0,1,Lift
364,364,0.01,0.09,1.0,1,Lift
365,365,0.04,0.06,1.05,1,Lift
366,366,0.04,0.02,0.99,1,Lift
367,367,0.07,0.09,1.0,1,Lift
368,368,0.04,0.02,1.0,1,Lift
369,369,0.04,0.03,1.0,1,Lift
370,370,0.04,0.03,1.0,1,Lift
371,371,0.04,0.03,1.0,1,Lift
372,372,0.04,0.03,1.0,1,Lift
373,373,0.04,0.03,1.0,1,Lift
374,374,0.04,0.03,1.0,1,Lift
375,375,0.04,0.03,1.01,1,Lift
376,376,0.04,0.03,1.0,1,Lift
377,377,0.04,0.03,1.0,1,Lift
378,378,0.04,0.03,1.0,1,Lift
379,379,0.04,0.03,1.0,1,Lift
380,380,0.04,0.03,1.0,1,Lift
381,381,0.04,0.03,1.0,1,Lift
382,382,0.04,0.03,1.0,1,Lift
383,383,0.04,0.03,1.0,1,Lift
384,384,0.04,0.03,1.0,1,Lift
385,385,0.04,0.03,1.0,1,Lift
386,386,0.04,0.03,1.0,1,Lift
387,387,0.04,0.03,1.0,1,Lift
388,388,0.04,0.03,1.0,1,Lift
389,389,0.04,0.03,1.0,1,Lift
390,390,0.04,0.03,1.0,1,Lift
391,391,0.04,0.04,1.0,1,Lift
392,392,0.04,0.03,1.0,1,Lift
393,393,0.04,0.03,1.0,1,Lift
394,394,0.04,0.03,1.0,1,Lift
395,395,0.04,0.03,1.0,1,Lift
396,396,0.04,0.03,1.0,1,Lift
397,397,0.04,0.03,1.0,1,Lift
398,398,0.04,0.03,1.0,1,Lift
399,399,0.04,0.03,1.0,1,Lift
400,400,0.04,0.03,1.0,1,Lift
401,401,0.04,0.03,1.0,1,Lift
402,402,0.04,0.03,1.0,1,Lift
403,403,0.03,0.03,1.0,1,Lift
404,404,0.04,0.03,1.0,1,Lift
405,405,0.03,0.03,1.0,1,Lift
406,406,0.04,0.02,1.0,1,Lift
407,407,0.04,0.03,1.0,1,Lift
408,408,0.04,0.03,1.0,1,Lift
409,409,0.04,0.03,1.0,1,Lift
410,410,0.04,0.03,1.0,1,Lift
411,0,0.04,0.03,1.0,2,Lift
412,1,0.04,0.03,1.0,2,Lift
413,2,0.04,0.02,1.0,2,Lift
414,3,0.04,0.02,1.0,2,Lift
415,4,0.04,0.03,1.0,2,Lift
416,5,0.04,0.02,1.0,2,Lift
417,6,0.04,0.03,1.0,2,Lift
418,7,0.04,0.03,1.0,2,Lift
419,8,0.04,0.03,1.0,2,Lift
420,9,0.04,0.03,1.0,2,Lift
421,10,0.04,0.02,1.0,2,Lift
422,11,0.04,0.02,1.0,2,Lift
423,12,0.04,0.03,1.0,2,Lift
424,13,0.04,0.02,1.0,2,Lift
425,14,0.04,0.03,1.0,2,Lift
426,15,0.04,0.03,1.0,2,Lift
427,16,0.04,0.02,1.0,2,Lift
428,17,0.04,0.02,1.0,2,Lift
429,18,0.04,0.03,1.0,2,Lift
430,19,0.04,0.02,1.0,2,Lift
431,20,0.04,0.03,1.0,2,Lift
432,21,0.04,0.03,1.0,2,Lift
433,22,0.04,0.02,1.0,2,Lift
434,23,0.04,0.03,1.0,2,Lift
435,24,0.04,0.03,1.0,2,Lift
436,25,0.04,0.02,1.0,2,Lift
437,26,0.04,0.03,1.0,2,Lift
438,27,0.04,0.02,1.01,2,Lift
439,28,0.04,0.06,1.0,2,Lift
440,29,0.01,0.14,1.01,2,Lift
441,30,0.08,0.08,1.03,2,Lift
442,31,-0.05,-0.08,1.26,2,Lift
443,32,0.04,0.05,1.0,2,Lift
444,33,0.02,0.06,1.0,2,Lift
445,34,0.06,-0.0,0.92,2,Lift
446,35,0.07,-0.02,0.95,2,Lift
447,36,0.09,0.05,0.99,2,Lift
448,37,0.06,0.05,0.8,2,Lift
449,38,0.05,0.04,0.94,2,Lift
450,39,0.01,0.03,1.02,2,Lift
451,40,-0.01,0.05,1.12,2,Lift
452,41,-0.02,0.08,1.01,2,Lift
453,42,0.04,-0.0,0.98,2,Lift
454,43,0.01,0.04,1.0,2,Lift
455,44,0.02,0.04,1.01,2,Lift
456,45,0.06,0.08,1.0,2,Lift
457,46,0.03,0.03,1.0,2,Lift
458,47,0.04,0.02,1.0,2,Lift
459,48,0.04,0.02,1.0,2,Lift
460,49,0.04,0.02,1.0,2,Lift
461,50,0.04,0.03,1.0,2,Lift
462,51,0.04,0.03,1.0,2,Lift
463,52,0.04,0.02,1.0,2,Lift
464,53,0.04,0.03,1.0,2,Lift
465,54,0.04,0.03,1.0,2,Lift
466,55,0.04,0.02,1.0,2,Lift
467,56,0.04,0.02,1.0,2,Lift
468,57,0.04,0.02,1.0,2,Lift
469,58,0.04,0.03,1.0,2,Lift
470,59,0.04,0.02,1.0,2,Lift
471,60,0.04,0.03,1.0,2,Lift
472,61,0.04,0.02,1.0,2,Lift
473,62,0.04,0.03,1.0,2,Lift
474,63,0.04,0.02,1.0,2,Lift
475,64,0.04,0.02,1.0,2,Lift
476,65,0.04,0.03,1.0,2,Lift
477,66,0.04,0.03,1.0,2,Lift
478,67,0.04,0.03,1.0,2,Lift
479,68,0.04,0.03,1.0,2,Lift
480,69,0.04,0.03,1.0,2,Lift
481,70,0.04,0.03,1.0,2,Lift
482,71,0.04,0.03,1.0,2,Lift
483,72,0.04,0.03,1.0,2,Lift
484,73,0.04,0.03,1.0,2,Lift
485,74,0.04,0.03,1.0,2,Lift
486,75,0.04,0.03,1.0,2,Lift
487,76,0.04,0.02,1.0,2,Lift
488,77,0.03,0.02,1.0,2,Lift
489,78,-0.01,0.04,1.01,2,Lift
490,79,0.0,-0.05,1.14,2,Lift
491,80,0.01,0.04,0.91,2,Lift
492,81,0.06,0.0,0.97,2,Lift
493,82,0.1,0.05,0.96,2,Lift
494,83,0.09,0.01,0.95,2,Lift
495,84,0.1,0.03,1.0,2,Lift
496,85,0.09,0.03,1.05,2,Lift
497,86,0.08,0.03,0.98,2,Lift
498,87,0.09,0.01,1.01,2,Lift
499,88,0.07,0.03,0.96,2,Lift
500,89,0.06,0.02,0.92,2,Lift
501,90,0.03,0.01,1.05,2,Lift
502,91,0.02,0.01,0.97,2,Lift
503,92,0.02,0.03,1.09,2,Lift
504,93,0.0,0.0,0.96,2,Lift
505,94,0.0,0.05,0.97,2,Lift
506,95,0.0,0.01,1.05,2,Lift
507,96,0.03,0.03,1.0,2,Lift
508,97,0.04,0.03,1.0,2,Lift
509,98,0.04,0.04,1.0,2,Lift
510,99,0.04,0.02,1.01,2,Lift
511,100,0.04,0.02,1.0,2,Lift
512,101,0.04,0.03,1.0,2,Lift
513,102,0.04,0.02,1.0,2,Lift
514,103,0.04,0.02,1.0,2,Lift
515,104,0.04,0.02,1.0,2,Lift
516,105,0.04,0.03,1.0,2,Lift
517,106,0.04,0.03,1.0,2,Lift
518,107,0.04,0.02,1.0,2,Lift
519,108,0.04,0.02,1.0,2,Lift
520,109,0.04,0.03,1.0,2,Lift
521,110,0.04,0.02,1.0,2,Lift
522,111,0.04,0.03,1.0,2,Lift
523,112,0.04,0.02,1.0,2,Lift
524,113,0.04,0.02,1.0,2,Lift
525,114,0.04,0.02,1.0,2,Lift
526,115,0.04,0.02,1.0,2,Lift
527,116,0.04,0.03,1.0,2,Lift
528,117,0.04,0.03,1.0,2,Lift
529,118,0.04,0.03,1.0,2,Lift
530,119,0.04,0.02,1.0,2,Lift
531,120,0.04,0.03,1.0,2,Lift
532,121,0.04,0.03,1.0,2,Lift
533,122,0.03,0.02,1.01,2,Lift
534,123,0.04,0.03,1.0,2,Lift
535,124,0.04,0.02,1.0,2,Lift
536,125,0.04,0.02,1.0,2,Lift
537,126,0.04,0.03,1.0,2,Lift
538,127,0.03,0.03,1.0,2,Lift
539,128,0.02,0.03,1.0,2,Lift
540,129,-0.01,0.02,1.12,2,Lift
541,130,0.02,0.0,1.03,2,Lift
542,131,0.02,0.04,0.9,2,Lift
543,132,0.03,0.0,1.03,2,Lift
544,133,0.08,0.02,0.97,2,Lift
545,134,0.06,0.02,1.03,2,Lift
546,135,0.06,-0.02,1.04,2,Lift
547,136,0.07,0.0,0.98,2,Lift
548,137,0.05,0.03,0.97,2,Lift
549,138,0.07,0.0,1.02,2,Lift
550,139,0.05,0.03,0.93,2,Lift
551,140,0.04,0.05,1.01,2,Lift
552,141,0.0,0.05,0.94,2,Lift
553,142,0.0,0.06,1.1,2,Lift
554,143,0.0,0.02,1.0,2,Lift
555,144,0.01,0.04,1.02,2,Lift
556,145,0.05,0.05,0.98,2,Lift
557,146,0.02,0.02,1.0,2,Lift
558,147,0.04,0.04,1.0,2,Lift
559,148,0.05,0.04,0.98,2,Lift
560,149,0.04,0.02,1.0,2,Lift
561,150,0.03,0.03,1.0,2,Lift
562,151,0.04,0.02,1.0,2,Lift
563,152,0.04,0.03,1.0,2,Lift
564,153,0.04,0.02,1.0,2,Lift
565,154,0.04,0.03,1.0,2,Lift
566,155,0.04,0.03,1.0,2,Lift
567,156,0.04,0.02,1.0,2,Lift
568,157,0.04,0.03,1.0,2,Lift
569,158,0.04,0.02,1.0,2,Lift
570,159,0.04,0.03,1.0,2,Lift
571,160,0.04,0.03,1.0,2,Lift
572,161,0.04,0.03,1.0,2,Lift
573,162,0.04,0.02,1.0,2,Lift
574,163,0.04,0.03,1.0,2,Lift
575,164,0.04,0.03,1.0,2,Lift
576,165,0.04,0.02,1.0,2,Lift
577,166,0.04,0.02,1.0,2,Lift
578,167,0.04,0.02,1.0,2,Lift
579,168,0.04,0.02,1.0,2,Lift
580,169,0.04,0.02,1.0,2,Lift
581,170,0.04,0.03,1.0,2,Lift
582,171,0.04,0.02,1.0,2,Lift
583,172,0.04,0.03,1.0,2,Lift
584,173,0.04,0.03,1.0,2,Lift
585,174,0.02,0.04,1.0,2,Lift
586,175,0.04,0.02,1.0,2,Lift
587,176,0.03,0.04,1.01,2,Lift
588,177,-0.03,0.04,1.16,2,Lift
589,178,-0.0,0.03,1.04,2,Lift
590,179,0.01,0.04,0.98,2,Lift
591,180,0.06,0.03,1.05,2,Lift
592,181,0.05,0.04,1.02,2,Lift
593,182,0.06,0.04,0.98,2,Lift
594,183,0.09,0.03,0.96,2,Lift
595,184,0.07,0.04,0.99,2,Lift
596,185,0.08,0.02,1.0,2,Lift
597,186,0.07,0.05,0.89,2,Lift
598,187,0.04,0.05,1.06,2,Lift
599,188,0.03,0.05,1.12,2,Lift
600,189,0.01,0.03,1.03,2,Lift
601,190,0.01,0.03,1.1,2,Lift
602,191,0.0,0.05,1.0,2,Lift
603,192,-0.02,0.02,0.98,2,Lift
604,193,0.05,0.02,1.0,2,Lift
605,194,-0.02,0.09,0.98,2,Lift
606,195,0.04,0.03,1.0,2,Lift
607,196,0.04,0.03,1.0,2,Lift
608,197,0.04,0.02,1.0,2,Lift
609,198,0.04,0.03,1.0,2,Lift
610,199,0.04,0.03,1.0,2,Lift
611,200,0.04,0.02,1.0,2,Lift
612,201,0.04,0.03,1.0,2,Lift
613,202,0.04,0.02,1.0,2,Lift
614,203,0.04,0.02,1.0,2,Lift
615,204,0.04,0.03,1.0,2,Lift
616,205,0.04,0.03,1.0,2,Lift
617,206,0.04,0.03,1.0,2,Lift
618,207,0.04,0.02,1.0,2,Lift
619,208,0.04,0.02,1.0,2,Lift
620,209,0.04,0.03,1.0,2,Lift
621,210,0.04,0.02,1.0,2,Lift
622,211,0.04,0.03,1.0,2,Lift
623,212,0.04,0.02,1.0,2,Lift
624,213,0.04,0.03,1.0,2,Lift
625,214,0.04,0.03,1.0,2,Lift
626,215,0.04,0.02,1.0,2,Lift
627,216,0.04,0.02,1.0,2,Lift
628,217,0.04,0.03,1.0,2,Lift
629,218,0.03,0.05,1.0,2,Lift
630,219,0.04,0.03,1.04,2,Lift
631,220,0.0,-0.01,0.96,2,Lift
632,221,0.03,0.05,1.02,2,Lift
633,222,0.05,0.04,1.06,2,Lift
634,223,0.09,0.04,0.93,2,Lift
635,224,0.07,0.04,0.88,2,Lift
636,225,0.05,0.02,0.9,2,Lift
637,226,0.04,0.02,1.0,2,Lift
638,227,-0.0,0.0,1.07,2,Lift
639,228,0.0,0.0,0.96,2,Lift
640,229,0.02,0.05,1.02,2,Lift
641,230,-0.02,-0.01,1.02,2,Lift
642,231,0.04,0.03,1.0,2,Lift
643,232,0.03,0.02,1.0,2,Lift
644,233,0.04,0.03,1.0,2,Lift
645,234,0.04,0.03,1.0,2,Lift
646,235,0.04,0.02,1.0,2,Lift
647,236,0.04,0.02,1.0,2,Lift
648,237,0.04,0.02,1.0,2,Lift
649,238,0.04,0.02,1.0,2,Lift
650,239,0.04,0.03,1.0,2,Lift
651,240,0.04,0.03,1.0,2,Lift
652,241,0.04,0.03,1.0,2,Lift
653,242,0.04,0.03,1.0,2,Lift
654,243,0.04,0.02,1.0,2,Lift
655,244,0.04,0.04,1.0,2,Lift
656,245,0.04,0.03,1.0,2,Lift
657,246,0.04,0.03,1.0,2,Lift
658,247,0.04,0.02,1.0,2,Lift
659,248,0.04,0.02,1.0,2,Lift
660,249,0.04,0.03,1.0,2,Lift
661,250,0.04,0.02,1.0,2,Lift
662,251,0.04,0.03,1.0,2,Lift
663,252,0.04,0.03,1.0,2,Lift
664,253,0.04,0.03,1.0,2,Lift
665,254,0.04,0.02,1.0,2,Lift
666,255,0.04,0.03,1.0,2,Lift
667,256,0.04,0.02,1.0,2,Lift
668,257,0.01,0.04,1.0,2,Lift
669,258,-0.02,0.06,1.06,2,Lift
670,259,0.01,0.04,1.02,2,Lift
671,260,0.05,0.05,1.0,2,Lift
672,261,0.09,0.0,0.94,2,Lift
673,262,0.12,0.04,0.96,2,Lift
674,263,0.09,0.04,0.81,2,Lift
675,264,0.09,0.04,0.96,2,Lift
676,265,0.04,0.03,1.06,2,Lift
677,266,0.0,0.0,1.08,2,Lift
678,267,0.0,0.01,1.0,2,Lift
679,268,-0.02,0.0,1.0,2,Lift
680,269,-0.0,0.07,1.0,2,Lift
681,270,0.04,0.02,1.0,2,Lift
682,271,0.04,0.03,1.0,2,Lift
683,272,0.04,0.02,1.0,2,Lift
684,273,0.04,0.03,1.0,2,Lift
685,274,0.04,0.02,1.0,2,Lift
686,275,0.04,0.03,1.0,2,Lift
687,276,0.04,0.03,1.0,2,Lift
688,277,0.04,0.03,1.0,2,Lift
689,278,0.04,0.03,1.0,2,Lift
690,279,0.04,0.02,1.0,2,Lift
691,280,0.04,0.03,1.0,2,Lift
692,281,0.04,0.03,1.0,2,Lift
693,282,0.04,0.03,1.0,2,Lift
694,283,0.04,0.03,1.01,2,Lift
695,284,0.04,0.02,1.0,2,Lift
696,285,0.04,0.03,1.0,2,Lift
697,286,0.04,0.02,1.0,2,Lift
698,287,0.04,0.02,1.0,2,Lift
699,288,0.04,0.03,1.0,2,Lift
700,289,0.04,0.03,1.0,2,Lift
701,290,0.04,0.03,1.0,2,Lift
702,291,0.04,0.03,1.0,2,Lift
703,292,0.04,0.03,1.0,2,Lift
704,293,0.04,0.03,1.01,2,Lift
705,294,0.01,0.02,1.01,2,Lift
706,295,-0.02,0.05,0.95,2,Lift
707,296,0.01,0.06,1.0,2,Lift
708,297,0.03,0.03,1.01,2,Lift
709,298,0.08,0.01,1.0,2,Lift
710,299,0.09,0.04,1.0,2,Lift
711,300,0.08,0.01,0.95,2,Lift
712,301,0.09,0.02,0.97,2,Lift
713,302,0.09,0.01,0.99,2,Lift
714,303,0.06,0.0,0.91,2,Lift
715,304,0.03,0.05,1.07,2,Lift
716,305,0.02,0.0,1.01,2,Lift
717,306,0.05,0.05,1.05,2,Lift
718,307,0.05,0.02,0.99,2,Lift
719,308,0.04,0.03,1.0,2,Lift
720,309,0.04,0.02,1.0,2,Lift
721,310,0.04,0.03,1.0,2,Lift
722,311,0.04,0.03,1.0,2,Lift
723,312,0.04,0.03,1.0,2,Lift
724,313,0.04,0.02,1.0,2,Lift
725,314,0.04,0.03,1.0,2,Lift
726,315,0.04,0.02,1.0,2,Lift
727,316,0.04,0.03,1.0,2,Lift
728,317,0.04,0.03,1.0,2,Lift
729,318,0.04,0.03,1.0,2,Lift
730,319,0.04,0.03,1.0,2,Lift
731,320,0.04,0.02,1.0,2,Lift
732,321,0.04,0.02,1.0,2,Lift
733,322,0.04,0.02,1.0,2,Lift
734,323,0.04,0.02,1.0,2,Lift
735,324,0.04,0.03,1.0,2,Lift
736,325,0.04,0.03,1.0,2,Lift
737,326,0.04,0.03,1.0,2,Lift
738,0,0.04,0.02,1.0,3,Lift
739,1,0.04,0.03,1.0,3,Lift
740,2,0.04,0.02,1.0,3,Lift
741,3,0.04,0.02,1.0,3,Lift
742,4,0.04,0.03,1.0,3,Lift
743,5,0.04,0.02,1.0,3,Lift
744,6,0.04,0.02,1.0,3,Lift
745,7,0.04,0.02,1.0,3,Lift
746,8,0.04,0.02,1.0,3,Lift
747,9,0.04,0.03,1.0,3,Lift
748,10,0.04,0.02,1.0,3,Lift
749,11,0.04,0.02,1.0,3,Lift
750,12,0.04,0.03,1.0,3,Lift
751,13,0.04,0.02,1.0,3,Lift
752,14,0.04,0.02,1.0,3,Lift
753,15,0.04,0.02,1.0,3,Lift
754,16,0.04,0.02,1.0,3,Lift
755,17,0.04,0.03,1.0,3,Lift
756,18,0.04,0.02,1.0,3,Lift
757,19,0.04,0.02,1.0,3,Lift
758,20,0.04,0.03,1.0,3,Lift
759,21,0.04,0.02,1.0,3,Lift
760,22,0.04,0.02,1.0,3,Lift
761,23,0.04,0.02,1.0,3,Lift
762,24,0.04,0.03,1.0,3,Lift
763,25,0.04,0.03,1.0,3,Lift
764,26,0.04,0.03,1.0,3,Lift
765,27,0.04,0.02,1.0,3,Lift
766,28,0.04,0.02,1.0,3,Lift
767,29,0.0,0.07,1.0,3,Lift
768,30,0.03,0.03,1.0,3,Lift
769,31,0.03,0.04,1.0,3,Lift
770,32,0.02,0.05,1.0,3,Lift
771,33,0.0,0.05,1.03,3,Lift
772,34,0.02,0.03,1.13,3,Lift
773,35,0.0,-0.02,1.04,3,Lift
774,36,0.09,0.07,0.82,3,Lift
775,37,0.1,0.0,0.89,3,Lift
776,38,0.08,-0.03,0.9,3,Lift
777,39,0.03,0.06,1.21,3,Lift
778,40,0.04,0.08,0.99,3,Lift
779,41,-0.02,0.0,1.04,3,Lift
780,42,0.03,0.04,1.0,3,Lift
781,43,0.04,0.02,1.0,3,Lift
782,44,0.04,0.0,0.99,3,Lift
783,45,0.04,0.03,1.0,3,Lift
784,46,0.04,0.03,1.0,3,Lift
785,47,0.04,0.02,1.0,3,Lift
786,48,0.04,0.02,1.0,3,Lift
787,49,0.04,0.02,1.0,3,Lift
788,50,0.04,0.03,1.0,3,Lift
789,51,0.04,0.03,1.0,3,Lift
790,52,0.04,0.02,1.0,3,Lift
791,53,0.04,0.02,1.0,3,Lift
792,54,0.04,0.03,1.0,3,Lift
793,55,0.04,0.03,1.0,3,Lift
794,56,0.04,0.03,1.0,3,Lift
795,57,0.04,0.03,1.0,3,Lift
796,58,0.04,0.02,1.0,3,Lift
797,59,0.04,0.02,1.0,3,Lift
798,60,0.04,0.02,1.0,3,Lift
799,61,0.04,0.02,1.0,3,Lift
800,62,0.04,0.03,1.0,3,Lift
801,63,0.04,0.03,1.0,3,Lift
802,64,0.04,0.03,1.0,3,Lift
803,65,0.04,0.02,1.0,3,Lift
804,66,0.04,0.03,1.0,3,Lift
805,67,0.04,0.03,1.0,3,Lift
806,68,0.04,0.02,1.0,3,Lift
807,69,0.04,0.02,1.0,3,Lift
808,70,0.03,0.03,1.0,3,Lift
809,71,0.03,0.03,1.0,3,Lift
810,72,0.03,0.06,1.0,3,Lift
811,73,-0.02,0.06,1.17,3,Lift
812,74,0.07,0.0,1.03,3,Lift
813,75,0.08,0.02,0.88,3,Lift
814,76,0.07,0.0,0.81,3,Lift
815,77,0.0,-0.04,1.02,3,Lift
816,78,0.0,0.03,1.03,3,Lift
817,79,-0.04,0.02,0.99,3,Lift
818,80,0.04,0.02,1.06,3,Lift
819,81,0.04,0.04,1.0,3,Lift
820,82,0.03,0.03,1.0,3,Lift
821,83,0.04,0.03,1.0,3,Lift
822,84,0.04,0.03,1.0,3,Lift
823,85,0.04,0.02,1.0,3,Lift
824,86,0.04,0.02,1.0,3,Lift
825,87,0.04,0.03,1.0,3,Lift
826,88,0.03,0.03,1.0,3,Lift
827,89,0.04,0.02,1.0,3,Lift
828,90,0.04,0.02,1.0,3,Lift
829,91,0.04,0.02,1.0,3,Lift
830,92,0.04,0.03,1.0,3,Lift
831,93,0.04,0.02,1.0,3,Lift
832,94,0.04,0.02,1.0,3,Lift
833,95,0.04,0.02,1.0,3,Lift
834,96,0.04,0.02,1.0,3,Lift
835,97,0.04,0.03,1.0,3,Lift
836,98,0.04,0.02,1.0,3,Lift
837,99,0.04,0.03,1.0,3,Lift
838,100,0.04,0.02,1.0,3,Lift
839,101,0.04,0.02,1.0,3,Lift
840,102,0.04,0.03,1.0,3,Lift
841,103,0.04,0.02,1.0,3,Lift
842,104,0.04,0.03,1.0,3,Lift
843,105,0.04,0.02,1.0,3,Lift
844,106,0.04,0.02,1.0,3,Lift
845,107,0.04,0.02,1.0,3,Lift
846,108,0.04,0.02,1.0,3,Lift
847,109,0.04,0.03,1.0,3,Lift
848,110,0.04,0.03,1.0,3,Lift
849,111,0.04,0.03,1.0,3,Lift
850,112,0.04,0.03,1.01,3,Lift
851,113,0.0,0.0,1.25,3,Lift
852,114,0.05,0.01,0.99,3,Lift
853,115,0.12,0.01,0.88,3,Lift
854,116,0.09,0.02,0.89,3,Lift
855,117,0.09,-0.0,1.01,3,Lift
856,118,0.04,0.02,1.01,3,Lift
857,119,0.0,0.07,0.97,3,Lift
858,120,-0.04,0.01,1.08,3,Lift
859,121,0.01,0.05,0.99,3,Lift
860,122,0.04,0.01,1.02,3,Lift
861,123,0.04,0.02,1.0,3,Lift
862,124,0.04,0.03,1.0,3,Lift
863,125,0.04,0.03,1.0,3,Lift
864,126,0.04,0.02,1.0,3,Lift
865,127,0.04,0.03,1.0,3,Lift
866,128,0.04,0.03,1.0,3,Lift
867,129,0.04,0.03,1.0,3,Lift
868,130,0.04,0.02,1.0,3,Lift
869,131,0.04,0.03,1.0,3,Lift
870,132,0.04,0.03,1.0,3,Lift
871,133,0.04,0.03,1.0,3,Lift
872,134,0.04,0.02,1.0,3,Lift
873,135,0.04,0.03,1.0,3,Lift
874,136,0.04,0.02,1.0,3,Lift
875,137,0.04,0.03,1.0,3,Lift
876,138,0.04,0.02,1.0,3,Lift
877,139,0.04,0.03,1.0,3,Lift
878,140,0.04,0.02,1.0,3,Lift
879,141,0.04,0.03,1.0,3,Lift
880,142,0.04,0.02,1.0,3,Lift
881,143,0.04,0.03,1.01,3,Lift
882,144,0.04,0.03,1.0,3,Lift
883,145,0.04,0.03,1.0,3,Lift
884,146,0.04,0.02,1.0,3,Lift
885,147,0.04,0.02,1.0,3,Lift
886,148,0.04,0.02,1.0,3,Lift
887,149,0.04,0.03,1.0,3,Lift
888,150,0.04,0.02,1.0,3,Lift
889,151,0.04,0.02,1.0,3,Lift
890,152,0.04,0.03,1.0,3,Lift
891,153,0.04,0.02,1.01,3,Lift
892,154,-0.09,-0.01,1.16,3,Lift
893,155,0.01,0.02,1.06,3,Lift
894,156,0.11,0.05,0.9,3,Lift
895,157,0.1,-0.04,0.89,3,Lift
896,158,0.11,-0.02,0.97,3,Lift
897,159,0.03,0.04,0.97,3,Lift
898,160,0.02,0.0,1.13,3,Lift
899,161,0.0,0.02,0.99,3,Lift
900,162,-0.07,0.04,1.0,3,Lift
901,163,0.05,0.04,1.0,3,Lift
902,164,0.04,0.03,1.0,3,Lift
903,165,0.04,0.02,1.0,3,Lift
904,166,0.04,0.03,1.0,3,Lift
905,167,0.04,0.03,1.0,3,Lift
906,168,0.04,0.03,1.0,3,Lift
907,169,0.04,0.02,1.0,3,Lift
908,170,0.04,0.02,1.0,3,Lift
909,171,0.04,0.03,1.0,3,Lift
910,172,0.04,0.02,1.0,3,Lift
911,173,0.04,0.03,1.0,3,Lift
912,174,0.04,0.03,1.0,3,Lift
913,175,0.04,0.03,1.0,3,Lift
914,176,0.04,0.02,1.0,3,Lift
915,177,0.04,0.02,1.0,3,Lift
916,178,0.04,0.03,1.0,3,Lift
917,179,0.04,0.03,1.0,3,Lift
918,180,0.04,0.03,1.0,3,Lift
919,181,0.04,0.03,1.0,3,Lift
920,182,0.04,0.02,1.0,3,Lift
921,183,0.04,0.03,1.0,3,Lift
922,184,0.04,0.03,1.0,3,Lift
923,185,0.04,0.03,1.0,3,Lift
924,186,0.04,0.03,1.0,3,Lift
925,187,0.04,0.02,1.0,3,Lift
926,188,0.04,0.03,1.0,3,Lift
927,189,0.04,0.03,1.0,3,Lift
928,190,0.04,0.03,1.0,3,Lift
929,191,0.04,0.02,1.0,3,Lift
930,192,0.06,0.02,1.0,3,Lift
931,193,-0.07,-0.06,1.17,3,Lift
932,194,0.07,0.05,1.07,3,Lift
933,195,0.08,0.01,0.86,3,Lift
934,196,0.09,-0.05,0.94,3,Lift
935,197,0.07,0.01,1.02,3,Lift
936,198,0.02,0.04,1.0,3,Lift
937,199,0.0,0.01,1.03,3,Lift
938,200,0.03,0.02,1.03,3,Lift
939,201,0.04,0.04,1.01,3,Lift
940,202,0.04,0.03,1.0,3,Lift
941,203,0.04,0.02,1.0,3,Lift
942,204,0.04,0.02,1.0,3,Lift
943,205,0.04,0.02,1.0,3,Lift
944,206,0.04,0.03,1.0,3,Lift
945,207,0.04,0.03,1.0,3,Lift
946,208,0.04,0.02,1.0,3,Lift
947,209,0.04,0.03,1.0,3,Lift
948,210,0.04,0.03,1.0,3,Lift
949,211,0.04,0.03,1.0,3,Lift
950,212,0.04,0.02,1.0,3,Lift
951,213,0.04,0.03,1.0,3,Lift
952,214,0.04,0.03,1.0,3,Lift
953,215,0.04,0.03,1.0,3,Lift
954,216,0.04,0.03,1.0,3,Lift
955,217,0.04,0.02,1.0,3,Lift
956,218,0.04,0.03,1.0,3,Lift
957,219,0.04,0.02,1.0,3,Lift
958,220,0.04,0.03,1.0,3,Lift
959,221,0.04,0.02,1.0,3,Lift
960,222,0.04,0.03,1.0,3,Lift
961,223,0.04,0.02,1.0,3,Lift
962,224,0.04,0.02,1.0,3,Lift
963,225,0.04,0.03,1.0,3,Lift
964,226,0.04,0.03,1.0,3,Lift
965,227,0.04,0.02,1.0,3,Lift
966,228,0.05,0.02,1.0,3,Lift
967,229,0.04,0.03,1.0,3,Lift
968,230,0.03,0.03,1.0,3,Lift
969,231,0.08,0.0,1.05,3,Lift
970,232,0.02,0.07,1.02,3,Lift
971,233,0.09,0.06,0.86,3,Lift
972,234,0.11,-0.02,0.96,3,Lift
973,235,0.1,0.02,0.97,3,Lift
974,236,0.08,0.0,1.11,3,Lift
975,237,0.02,0.04,1.02,3,Lift
976,238,0.02,0.05,1.01,3,Lift
977,239,0.04,0.04,1.0,3,Lift
978,240,0.04,0.03,1.0,3,Lift
979,241,0.04,0.03,1.0,3,Lift
980,242,0.04,0.02,1.0,3,Lift
981,243,0.04,0.03,1.0,3,Lift
982,244,0.04,0.02,1.01,3,Lift
983,245,0.04,0.02,1.0,3,Lift
984,246,0.04,0.03,1.0,3,Lift
985,247,0.04,0.03,1.0,3,Lift
986,248,0.04,0.02,1.0,3,Lift
987,249,0.04,0.02,1.0,3,Lift
988,250,0.04,0.03,1.0,3,Lift
989,251,0.04,0.02,1.0,3,Lift
990,252,0.04,0.03,1.0,3,Lift
991,253,0.04,0.03,1.0,3,Lift
992,254,0.04,0.03,1.0,3,Lift
993,255,0.04,0.02,1.0,3,Lift
994,256,0.04,0.03,1.0,3,Lift
995,257,0.04,0.02,1.0,3,Lift
996,258,0.04,0.03,1.0,3,Lift
997,259,0.04,0.02,1.0,3,Lift
998,260,0.04,0.02,1.0,3,Lift
999,261,0.04,0.02,1.0,3,Lift
1000,262,0.04,0.03,1.0,3,Lift
1001,263,0.04,0.02,1.0,3,Lift
1002,264,0.04,0.02,1.0,3,Lift
1003,265,0.04,0.02,1.01,3,Lift
1004,266,0.04,0.03,1.0,3,Lift
1005,267,0.04,0.03,1.0,3,Lift
1006,268,0.04,0.03,1.0,3,Lift
1007,269,0.04,0.03,1.0,3,Lift
1008,270,0.03,0.05,1.01,3,Lift
1009,271,0.03,0.03,1.01,3,Lift
1010,272,-0.03,0.17,1.11,3,Lift
1011,273,0.06,0.0,1.02,3,Lift
1012,274,0.1,0.01,0.86,3,Lift
1013,275,0.07,-0.04,0.92,3,Lift
1014,276,0.02,0.01,1.04,3,Lift
1015,277,0.05,0.08,1.07,3,Lift
1016,278,-0.01,0.02,1.06,3,Lift
1017,279,0.0,0.02,0.95,3,Lift
1018,280,0.02,0.04,1.01,3,Lift
1019,281,0.04,0.02,1.0,3,Lift
1020,282,0.05,0.04,1.0,3,Lift
1021,283,0.04,0.02,1.0,3,Lift
1022,284,0.04,0.02,1.0,3,Lift
1023,285,0.04,0.02,1.0,3,Lift
1024,286,0.04,0.03,1.0,3,Lift
1025,287,0.04,0.02,1.0,3,Lift
1026,288,0.04,0.03,1.0,3,Lift
1027,289,0.04,0.02,1.0,3,Lift
1028,290,0.04,0.03,1.0,3,Lift
1029,291,0.04,0.02,1.0,3,Lift
1030,292,0.04,0.03,1.0,3,Lift
1031,293,0.04,0.03,1.0,3,Lift
1032,294,0.04,0.03,1.0,3,Lift
1033,295,0.04,0.03,1.0,3,Lift
1034,296,0.04,0.03,1.0,3,Lift
1035,297,0.04,0.02,1.0,3,Lift
1036,298,0.04,0.03,1.0,3,Lift
1037,299,0.04,0.03,1.0,3,Lift
1038,300,0.04,0.03,1.0,3,Lift
1039,301,0.04,0.03,1.0,3,Lift
1040,302,0.04,0.03,1.0,3,Lift
1041,303,0.04,0.03,1.0,3,Lift
1042,304,0.04,0.02,1.0,3,Lift
1043,305,0.04,0.02,1.0,3,Lift
1044,306,0.04,0.03,1.0,3,Lift
1045,307,0.04,0.03,1.0,3,Lift
1046,308,0.04,0.03,1.0,3,Lift
1047,309,0.04,0.03,1.0,3,Lift
1048,310,0.04,0.02,1.0,3,Lift
1049,311,0.04,0.03,1.0,3,Lift
1050,312,0.04,0.02,1.0,3,Lift
1051,313,0.04,0.03,1.0,3,Lift
1052,314,0.04,0.02,1.0,3,Lift
1053,315,0.04,0.03,1.0,3,Lift
1054,316,0.04,0.02,1.0,3,Lift
1055,317,0.04,0.02,1.01,3,Lift
1056,318,0.03,0.04,1.0,3,Lift
1057,319,0.01,0.01,1.04,3,Lift
1058,320,0.01,-0.0,1.04,3,Lift
1059,321,0.01,-0.03,0.97,3,Lift
1060,322,0.12,0.03,0.9,3,Lift
1061,323,0.11,0.01,1.0,3,Lift
1062,324,0.11,0.02,0.99,3,Lift
1063,325,0.07,-0.01,0.93,3,Lift
1064,326,0.03,0.08,1.09,3,Lift
1065,327,0.0,0.02,0.96,3,Lift
1066,328,0.0,0.06,1.0,3,Lift
1067,329,0.02,0.05,0.99,3,Lift
1068,330,0.04,0.03,1.0,3,Lift
1069,331,0.04,0.03,1.0,3,Lift
1070,332,0.04,0.02,1.0,3,Lift
1071,333,0.04,0.03,1.0,3,Lift
1072,334,0.04,0.03,1.0,3,Lift
1073,335,0.04,0.02,1.0,3,Lift
1074,336,0.04,0.02,1.0,3,Lift
1075,337,0.04,0.03,1.0,3,Lift
1076,338,0.04,0.03,1.0,3,Lift
1077,339,0.04,0.03,1.0,3,Lift
1078,340,0.04,0.02,1.0,3,Lift
1079,341,0.04,0.02,1.0,3,Lift
1080,342,0.04,0.03,1.0,3,Lift
1081,343,0.04,0.02,1.0,3,Lift
1082,344,0.04,0.02,1.0,3,Lift
1083,345,0.04,0.02,1.0,3,Lift
1084,346,0.04,0.03,1.0,3,Lift
1085,347,0.04,0.02,1.0,3,Lift
1086,348,0.04,0.02,1.0,3,Lift
1087,349,0.04,0.02,1.0,3,Lift
1088,350,0.04,0.03,1.0,3,Lift
1089,351,0.04,0.02,1.0,3,Lift
1090,352,0.04,0.02,1.0,3,Lift
1091,353,0.04,0.02,1.0,3,Lift
1092,354,0.05,0.02,1.0,3,Lift
1093,355,0.04,0.02,1.0,3,Lift
1094,356,0.04,0.03,1.0,3,Lift
1095,357,0.04,0.02,1.0,3,Lift
1096,358,0.04,0.02,1.0,3,Lift
1097,359,0.04,0.02,1.0,3,Lift
1098,360,0.04,0.03,1.0,3,Lift
1099,361,0.04,0.03,1.0,3,Lift
1100,362,0.04,0.03,1.0,3,Lift
1101,363,0.04,0.03,1.0,3,Lift
1102,364,0.04,0.02,1.0,3,Lift
1103,365,0.04,0.03,1.0,3,Lift
1104,0,0.04,0.05,1.0,4,Lift
1105,1,0.04,0.05,1.0,4,Lift
1106,2,0.04,0.05,1.0,4,Lift
1107,3,0.04,0.04,1.0,4,Lift
1108,4,0.04,0.05,1.0,4,Lift
1109,5,0.04,0.05,1.0,4,Lift
1110,6,0.04,0.04,1.0,4,Lift
1111,7,0.04,0.04,1.0,4,Lift
1112,8,0.04,0.05,1.0,4,Lift
1113,9,0.04,0.05,1.0,4,Lift
1114,10,0.04,0.05,1.0,4,Lift
1115,11,0.04,0.05,1.0,4,Lift
1116,12,0.04,0.05,1.0,4,Lift
1117,13,0.04,0.04,1.0,4,Lift
1118,14,0.04,0.05,1.0,4,Lift
1119,15,0.04,0.05,1.0,4,Lift
1120,16,0.04,0.05,1.0,4,Lift
1121,17,0.04,0.04,1.0,4,Lift
1122,18,0.04,0.04,1.0,4,Lift
1123,19,0.04,0.05,1.0,4,Lift
1124,20,0.04,0.05,1.0,4,Lift
1125,21,0.04,0.05,1.0,4,Lift
1126,22,0.04,0.05,1.0,4,Lift
1127,23,0.04,0.04,1.0,4,Lift
1128,24,0.05,0.04,1.0,4,Lift
1129,25,0.04,0.05,1.0,4,Lift
1130,26,0.04,0.05,1.0,4,Lift
1131,27,0.04,0.05,1.0,4,Lift
1132,28,0.04,0.05,1.0,4,Lift
1133,29,0.04,0.04,1.0,4,Lift
1134,30,0.04,0.05,1.0,4,Lift
1135,31,0.03,0.05,1.0,4,Lift
1136,32,0.04,0.04,1.0,4,Lift
1137,33,0.04,0.05,1.0,4,Lift
1138,34,0.04,0.05,1.0,4,Lift
1139,35,0.04,0.05,1.0,4,Lift
1140,36,0.04,0.04,1.0,4,Lift
1141,37,0.03,0.05,1.0,4,Lift
1142,38,0.0,0.05,1.0,4,Lift
1143,39,0.01,0.04,1.04,4,Lift
1144,40,0.01,0.1,0.99,4,Lift
1145,41,0.03,0.01,1.0,4,Lift
1146,42,0.09,0.02,1.0,4,Lift
1147,43,0.11,0.05,0.97,4,Lift
1148,44,0.12,0.02,0.98,4,Lift
1149,45,0.14,0.02,0.93,4,Lift
1150,46,0.18,0.02,0.99,4,Lift
1151,47,0.21,0.01,1.0,4,Lift
1152,48,0.22,0.0,0.96,4,Lift
1153,49,0.2,0.0,0.94,4,Lift
1154,50,0.18,0.01,0.96,4,Lift
1155,51,0.15,0.0,0.97,4,Lift
1156,52,0.09,0.0,0.98,4,Lift
1157,53,0.05,0.02,1.05,4,Lift
1158,54,0.04,0.0,1.04,4,Lift
1159,55,0.04,0.02,0.99,4,Lift
1160,56,0.04,0.01,0.98,4,Lift
1161,57,0.02,0.0,1.02,4,Lift
1162,58,0.01,-0.02,1.05,4,Lift
1163,59,0.02,0.07,1.02,4,Lift
1164,60,0.03,0.05,1.02,4,Lift
1165,61,0.04,0.05,1.0,4,Lift
1166,62,0.04,0.05,1.0,4,Lift
1167,63,0.03,0.05,1.0,4,Lift
1168,64,0.04,0.05,1.0,4,Lift
1169,65,0.04,0.04,1.0,4,Lift
1170,66,0.04,0.05,1.0,4,Lift
1171,67,0.04,0.05,1.0,4,Lift
1172,68,0.04,0.05,1.0,4,Lift
1173,69,0.04,0.05,1.0,4,Lift
1174,70,0.04,0.05,1.0,4,Lift
1175,71,0.04,0.05,1.0,4,Lift
1176,72,0.04,0.05,1.0,4,Lift
1177,73,0.04,0.05,1.0,4,Lift
1178,74,0.04,0.05,1.0,4,Lift
1179,75,0.04,0.05,1.0,4,Lift
1180,76,0.04,0.04,1.0,4,Lift
1181,77,0.04,0.05,1.0,4,Lift
1182,78,0.04,0.05,1.0,4,Lift
1183,79,0.04,0.05,1.0,4,Lift
1184,80,0.04,0.05,1.0,4,Lift
1185,81,0.04,0.04,1.0,4,Lift
1186,82,0.04,0.05,1.0,4,Lift
1187,83,0.04,0.04,1.0,4,Lift
1188,84,0.04,0.05,1.0,4,Lift
1189,85,0.04,0.04,1.0,4,Lift
1190,86,0.04,0.05,1.0,4,Lift
1191,87,0.04,0.05,1.0,4,Lift
1192,88,0.04,0.05,1.0,4,Lift
1193,89,0.04,0.04,1.0,4,Lift
1194,90,0.04,0.04,1.0,4,Lift
1195,91,0.04,0.05,1.0,4,Lift
1196,92,0.04,0.05,1.0,4,Lift
1197,93,0.04,0.04,1.0,4,Lift
1198,94,0.04,0.05,1.0,4,Lift
1199,95,0.04,0.05,1.0,4,Lift
1200,96,0.03,0.05,1.0,4,Lift
1201,97,0.01,0.04,1.02,4,Lift
1202,98,-0.04,0.1,1.04,4,Lift
1203,99,0.0,0.02,1.04,4,Lift
1204,100,0.0,0.03,1.0,4,Lift
1205,101,0.08,0.04,0.97,4,Lift
1206,102,0.09,-0.03,1.02,4,Lift
1207,103,0.09,0.07,1.0,4,Lift
1208,104,0.13,0.07,1.02,4,Lift
1209,105,0.12,0.07,0.96,4,Lift
1210,106,0.13,0.02,0.91,4,Lift
1211,107,0.13,0.04,0.96,4,Lift
1212,108,0.1,0.02,0.99,4,Lift
1213,109,0.07,0.07,0.94,4,Lift
1214,110,0.04,0.16,1.01,4,Lift
1215,111,0.02,0.1,1.0,4,Lift
1216,112,-0.02,0.06,1.09,4,Lift
1217,113,-0.02,0.01,1.05,4,Lift
1218,114,0.02,0.04,0.99,4,Lift
1219,115,0.04,0.05,1.0,4,Lift
1220,116,0.04,0.05,1.0,4,Lift
1221,117,0.04,0.04,1.0,4,Lift
1222,118,0.04,0.04,1.0,4,Lift
1223,119,0.04,0.05,1.0,4,Lift
1224,120,0.04,0.04,1.0,4,Lift
1225,121,0.04,0.05,1.0,4,Lift
1226,122,0.04,0.04,1.0,4,Lift
1227,123,0.04,0.05,1.0,4,Lift
1228,124,0.04,0.05,1.0,4,Lift
1229,125,0.04,0.05,1.0,4,Lift
1230,126,0.04,0.05,1.0,4,Lift
1231,127,0.04,0.05,1.0,4,Lift
1232,128,0.04,0.05,1.0,4,Lift
1233,129,0.03,0.05,1.0,4,Lift
1234,130,0.04,0.05,1.0,4,Lift
1235,131,0.04,0.04,1.0,4,Lift
1236,132,0.04,0.05,1.0,4,Lift
1237,133,0.04,0.05,1.0,4,Lift
1238,134,0.04,0.05,1.0,4,Lift
1239,135,0.04,0.05,1.0,4,Lift
1240,136,0.04,0.05,1.0,4,Lift
1241,137,0.04,0.04,1.0,4,Lift
1242,138,0.04,0.05,1.0,4,Lift
1243,139,0.04,0.04,1.0,4,Lift
1244,140,0.04,0.05,1.0,4,Lift
1245,141,0.04,0.04,1.0,4,Lift
1246,142,0.04,0.05,1.0,4,Lift
1247,143,0.04,0.05,1.0,4,Lift
1248,144,0.04,0.05,1.0,4,Lift
1249,145,0.04,0.05,1.0,4,Lift
1250,146,0.04,0.04,1.0,4,Lift
1251,147,0.04,0.04,1.0,4,Lift
1252,148,0.04,0.05,1.0,4,Lift
1253,149,0.04,0.05,1.0,4,Lift
1254,150,0.04,0.05,1.0,4,Lift
1255,151,-0.04,0.07,1.02,4,Lift
1256,152,-0.0,-0.01,1.16,4,Lift
1257,153,0.04,0.0,1.03,4,Lift
1258,154,0.01,0.0,1.01,4,Lift
1259,155,0.0,0.05,1.02,4,Lift
1260,156,0.04,0.03,0.99,4,Lift
1261,157,0.08,0.03,1.0,4,Lift
1262,158,0.09,0.03,0.99,4,Lift
1263,159,0.12,0.04,0.99,4,Lift
1264,160,0.13,0.02,0.96,4,Lift
1265,161,0.12,-0.0,0.98,4,Lift
1266,162,0.11,0.02,0.93,4,Lift
1267,163,0.1,0.02,0.89,4,Lift
1268,164,0.08,0.02,1.06,4,Lift
1269,165,0.06,0.0,1.01,4,Lift
1270,166,0.07,0.02,0.94,4,Lift
1271,167,0.04,0.03,1.08,4,Lift
1272,168,0.01,0.02,1.06,4,Lift
1273,169,0.03,0.04,0.98,4,Lift
1274,170,0.03,0.05,1.0,4,Lift
1275,171,0.03,0.05,1.0,4,Lift
1276,172,0.04,0.05,1.0,4,Lift
1277,173,0.04,0.05,1.0,4,Lift
1278,174,0.03,0.04,1.0,4,Lift
1279,175,0.04,0.05,1.0,4,Lift
1280,176,0.04,0.05,1.0,4,Lift
1281,177,0.04,0.05,1.0,4,Lift
1282,178,0.04,0.05,1.0,4,Lift
1283,179,0.04,0.05,1.0,4,Lift
1284,180,0.04,0.04,1.0,4,Lift
1285,181,0.04,0.05,1.0,4,Lift
1286,182,0.04,0.05,1.0,4,Lift
1287,183,0.04,0.04,1.0,4,Lift
1288,184,0.04,0.05,1.0,4,Lift
1289,185,0.04,0.04,1.0,4,Lift
1290,186,0.04,0.05,1.0,4,Lift
1291,187,0.04,0.04,1.0,4,Lift
1292,188,0.04,0.05,1.0,4,Lift
1293,189,0.04,0.05,1.0,4,Lift
1294,190,0.04,0.05,1.0,4,Lift
1295,191,0.04,0.05,1.0,4,Lift
1296,192,0.04,0.04,1.0,4,Lift
1297,193,0.04,0.05,1.0,4,Lift
1298,194,0.04,0.05,1.0,4,Lift
1299,195,0.04,0.05,1.0,4,Lift
1300,196,0.04,0.04,1.0,4,Lift
1301,197,0.04,0.05,1.0,4,Lift
1302,198,0.04,0.04,1.0,4,Lift
1303,199,0.04,0.04,1.0,4,Lift
1304,200,0.04,0.04,1.0,4,Lift
1305,201,0.04,0.05,1.0,4,Lift
1306,202,0.04,0.04,1.0,4,Lift
1307,203,0.04,0.05,1.0,4,Lift
1308,204,0.04,0.05,1.0,4,Lift
1309,205,0.04,0.05,1.0,4,Lift
1310,206,0.04,0.04,1.0,4,Lift
1311,207,0.04,0.05,1.0,4,Lift
1312,208,0.01,0.03,1.0,4,Lift
1313,209,-0.02,0.0,1.12,4,Lift
1314,210,-0.02,0.02,1.02,4,Lift
1315,211,-0.01,0.02,1.05,4,Lift
1316,212,0.01,0.03,0.94,4,Lift
1317,213,0.01,0.05,1.02,4,Lift
1318,214,0.05,0.03,0.97,4,Lift
1319,215,0.08,0.0,0.98,4,Lift
1320,216,0.09,0.04,0.99,4,Lift
1321,217,0.09,0.07,0.94,4,Lift
1322,218,0.11,0.03,0.96,4,Lift
1323,219,0.06,0.0,1.0,4,Lift
1324,220,0.05,0.02,1.0,4,Lift
1325,221,0.06,0.03,1.0,4,Lift
1326,222,0.05,0.05,1.02,4,Lift
1327,223,0.04,-0.01,1.06,4,Lift
1328,224,0.0,0.02,1.04,4,Lift
1329,225,0.04,0.05,1.03,4,Lift
1330,226,0.02,0.0,1.08,4,Lift
1331,227,0.04,0.04,1.01,4,Lift
1332,228,0.04,0.05,1.0,4,Lift
1333,229,0.04,0.05,1.0,4,Lift
1334,230,0.04,0.04,1.0,4,Lift
1335,231,0.04,0.05,1.0,4,Lift
1336,232,0.04,0.05,1.0,4,Lift
1337,233,0.04,0.05,1.0,4,Lift
1338,234,0.04,0.05,1.0,4,Lift
1339,235,0.04,0.05,1.0,4,Lift
1340,236,0.04,0.04,1.0,4,Lift
1341,237,0.04,0.05,1.0,4,Lift
1342,238,0.04,0.05,1.0,4,Lift
1343,239,0.04,0.05,1.0,4,Lift
1344,240,0.04,0.05,1.0,4,Lift
1345,241,0.04,0.05,1.0,4,Lift
1346,242,0.04,0.05,1.0,4,Lift
1347,243,0.04,0.05,1.0,4,Lift
1348,244,0.04,0.05,1.0,4,Lift
1349,245,0.04,0.05,1.0,4,Lift
1350,246,0.04,0.05,1.0,4,Lift
1351,247,0.04,0.05,1.0,4,Lift
1352,248,0.04,0.05,1.0,4,Lift
1353,249,0.04,0.05,1.0,4,Lift
1354,250,0.04,0.04,1.0,4,Lift
1355,251,0.04,0.05,1.0,4,Lift
1356,252,0.04,0.05,1.0,4,Lift
1357,253,0.04,0.05,1.0,4,Lift
1358,254,0.04,0.05,1.0,4,Lift
1359,255,0.04,0.05,1.0,4,Lift
1360,256,0.04,0.04,1.0,4,Lift
1361,257,0.04,0.04,1.0,4,Lift
1362,258,0.04,0.04,1.0,4,Lift
1363,259,0.04,0.05,1.0,4,Lift
1364,260,0.04,0.05,1.0,4,Lift
1365,261,0.04,0.05,1.0,4,Lift
1366,262,0.04,0.04,1.0,4,Lift
1367,263,0.06,0.07,1.0,4,Lift
1368,264,0.01,0.05,1.0,4,Lift
1369,265,0.02,0.03,1.05,4,Lift
1370,266,0.01,0.08,0.93,4,Lift
1371,267,-0.02,0.0,1.01,4,Lift
1372,268,-0.02,0.02,1.0,4,Lift
1373,269,0.03,0.07,1.03,4,Lift
1374,270,0.05,0.03,0.97,4,Lift
1375,271,0.13,0.06,0.91,4,Lift
1376,272,0.14,0.05,0.95,4,Lift
1377,273,0.12,0.09,0.91,4,Lift
1378,274,0.11,0.01,0.99,4,Lift
1379,275,0.07,0.06,0.99,4,Lift
1380,276,0.07,0.02,1.02,4,Lift
1381,277,0.04,0.05,1.03,4,Lift
1382,278,0.04,0.0,0.99,4,Lift
1383,279,0.05,0.05,1.09,4,Lift
1384,280,0.03,0.02,0.96,4,Lift
1385,281,-0.02,0.06,0.95,4,Lift
1386,282,0.04,0.05,1.01,4,Lift
1387,283,0.04,0.05,1.0,4,Lift
1388,284,0.04,0.05,1.0,4,Lift
1389,285,0.04,0.05,1.0,4,Lift
1390,286,0.04,0.05,1.0,4,Lift
1391,287,0.04,0.05,1.0,4,Lift
1392,288,0.04,0.05,1.0,4,Lift
1393,289,0.04,0.05,1.0,4,Lift
1394,290,0.04,0.05,1.0,4,Lift
1395,291,0.04,0.05,1.0,4,Lift
1396,292,0.04,0.04,1.0,4,Lift
1397,293,0.04,0.05,1.0,4,Lift
1398,294,0.04,0.05,1.0,4,Lift
1399,295,0.04,0.05,1.0,4,Lift
1400,296,0.04,0.05,1.0,4,Lift
1401,297,0.04,0.04,1.0,4,Lift
1402,298,0.04,0.04,1.0,4,Lift
1403,299,0.04,0.05,1.0,4,Lift
1404,300,0.04,0.04,1.0,4,Lift
1405,301,0.04,0.04,1.0,4,Lift
1406,302,0.04,0.05,1.0,4,Lift
1407,303,0.04,0.04,1.0,4,Lift
1408,304,0.04,0.05,1.0,4,Lift
1409,305,0.04,0.04,1.0,4,Lift
1410,306,0.04,0.05,1.0,4,Lift
1411,307,0.04,0.05,1.0,4,Lift
1412,308,0.04,0.05,1.0,4,Lift
1413,309,0.04,0.05,1.0,4,Lift
1414,310,0.04,0.05,1.0,4,Lift
1415,311,0.04,0.05,1.0,4,Lift
1416,312,0.04,0.04,1.0,4,Lift
1417,313,0.04,0.04,1.0,4,Lift
1418,314,0.02,0.02,1.01,4,Lift
1419,315,-0.04,0.09,1.16,4,Lift
1420,316,-0.02,0.09,0.99,4,Lift
1421,317,-0.04,0.0,1.01,4,Lift
1422,318,0.0,0.03,0.99,4,Lift
1423,319,0.02,0.08,0.98,4,Lift
1424,320,0.07,0.03,0.96,4,Lift
1425,321,0.06,0.03,0.94,4,Lift
1426,322,0.08,0.07,0.9,4,Lift
1427,323,0.07,0.07,0.92,4,Lift
1428,324,0.09,0.09,1.0,4,Lift
1429,325,0.06,0.05,1.0,4,Lift
1430,326,0.05,0.12,1.02,4,Lift
1431,327,0.03,0.01,1.0,4,Lift
1432,328,0.03,0.04,0.98,4,Lift
1433,329,0.05,0.09,1.09,4,Lift
1434,330,0.02,0.05,0.99,4,Lift
1435,331,0.05,0.05,1.0,4,Lift
1436,332,0.03,0.05,1.0,4,Lift
1437,333,0.04,0.04,1.0,4,Lift
1438,334,0.04,0.05,1.0,4,Lift
1439,335,0.04,0.05,1.0,4,Lift
1440,336,0.04,0.04,1.0,4,Lift
1441,337,0.04,0.04,1.0,4,Lift
1442,338,0.03,0.05,1.0,4,Lift
1443,339,0.04,0.05,1.0,4,Lift
1444,340,0.04,0.05,1.0,4,Lift
1445,341,0.03,0.05,1.0,4,Lift
1446,342,0.04,0.04,1.0,4,Lift
1447,343,0.04,0.05,1.01,4,Lift
1448,344,0.04,0.04,1.0,4,Lift
1449,345,0.04,0.05,1.0,4,Lift
1450,346,0.04,0.05,1.0,4,Lift
1451,347,0.04,0.05,1.0,4,Lift
1452,348,0.04,0.05,1.0,4,Lift
1453,349,0.04,0.05,1.0,4,Lift
1454,350,0.04,0.05,1.0,4,Lift
1455,351,0.04,0.05,1.0,4,Lift
1456,352,0.04,0.04,1.0,4,Lift
1457,353,0.04,0.05,1.0,4,Lift
1458,354,0.04,0.05,1.0,4,Lift
1459,355,0.04,0.05,1.0,4,Lift
1460,356,0.04,0.04,1.0,4,Lift
1461,357,0.04,0.04,1.0,4,Lift
1462,358,0.04,0.04,1.0,4,Lift
1463,359,0.04,0.05,1.0,4,Lift
1464,360,0.04,0.05,1.0,4,Lift
1465,361,0.04,0.05,1.0,4,Lift
1466,362,0.04,0.04,1.0,4,Lift
1467,363,0.04,0.04,1.0,4,Lift
1468,364,0.04,0.05,1.0,4,Lift
1469,365,0.04,0.05,1.0,4,Lift
1470,366,-0.05,0.05,1.0,4,Lift
1471,367,-0.03,0.04,1.03,4,Lift
1472,368,-0.01,0.04,1.0,4,Lift
1473,369,-0.02,0.07,0.95,4,Lift
1474,370,-0.03,0.01,1.01,4,Lift
1475,371,0.02,0.0,0.99,4,Lift
1476,372,0.06,0.03,1.04,4,Lift
1477,373,0.06,-0.0,0.96,4,Lift
1478,374,0.1,-0.02,0.93,4,Lift
1479,375,0.08,0.03,0.89,4,Lift
1480,376,0.05,0.09,1.01,4,Lift
1481,377,0.04,0.02,0.96,4,Lift
1482,378,0.02,0.0,1.01,4,Lift
1483,379,-0.0,0.06,1.1,4,Lift
1484,380,0.0,0.06,1.04,4,Lift
1485,381,0.02,-0.03,1.05,4,Lift
1486,382,0.04,0.05,1.01,4,Lift
1487,383,0.04,0.04,1.01,4,Lift
1488,384,0.02,0.05,1.0,4,Lift
1489,385,0.04,0.05,1.0,4,Lift
1490,386,0.04,0.04,1.0,4,Lift
1491,387,0.04,0.04,1.0,4,Lift
1492,388,0.04,0.05,1.0,4,Lift
1493,389,0.04,0.05,1.0,4,Lift
1494,390,0.04,0.04,1.0,4,Lift
1495,391,0.04,0.05,1.0,4,Lift
1496,392,0.04,0.05,1.0,4,Lift
1497,393,0.04,0.05,1.0,4,Lift
1498,394,0.04,0.05,1.0,4,Lift
1499,395,0.04,0.05,1.0,4,Lift
1500,396,0.04,0.05,1.0,4,Lift
1501,397,0.04,0.05,1.0,4,Lift
1502,398,0.04,0.05,1.0,4,Lift
1503,399,0.04,0.05,1.0,4,Lift
1504,400,0.04,0.04,1.0,4,Lift
1505,401,0.04,0.05,1.0,4,Lift
1506,402,0.04,0.05,1.0,4,Lift
1507,403,0.04,0.04,1.0,4,Lift
1508,404,0.04,0.04,1.0,4,Lift
1509,405,0.04,0.04,1.0,4,Lift
1510,406,0.03,0.05,1.0,4,Lift
1511,407,0.04,0.05,1.0,4,Lift
1512,408,0.04,0.05,1.0,4,Lift
1513,409,0.04,0.05,1.0,4,Lift
1514,410,0.04,0.05,1.0,4,Lift
1515,411,0.04,0.05,1.0,4,Lift
1516,412,0.04,0.04,1.0,4,Lift
1517,413,0.06,0.02,1.0,4,Lift
1518,414,0.0,0.07,1.05,4,Lift
1519,415,-0.01,0.04,1.0,4,Lift
1520,416,0.0,-0.0,1.0,4,Lift
1521,417,-0.02,0.02,0.96,4,Lift
1522,418,-0.02,-0.0,0.93,4,Lift
1523,419,0.0,-0.05,1.02,4,Lift
1524,420,0.02,0.02,1.01,4,Lift
1525,421,0.06,0.04,0.96,4,Lift
1526,422,0.09,0.0,1.0,4,Lift
1527,423,0.1,0.0,0.85,4,Lift
1528,424,0.12,0.0,0.96,4,Lift
1529,425,0.06,0.05,1.01,4,Lift
1530,426,0.03,-0.02,1.0,4,Lift
1531,427,0.04,0.05,1.03,4,Lift
1532,428,0.0,0.0,1.03,4,Lift
1533,429,0.04,0.0,1.01,4,Lift
1534,430,0.03,0.04,1.01,4,Lift
1535,431,0.04,0.04,1.0,4,Lift
1536,432,0.04,0.04,1.0,4,Lift
1537,433,0.04,0.05,1.0,4,Lift
1538,434,0.04,0.04,1.0,4,Lift
1539,435,0.04,0.05,1.0,4,Lift
1540,436,0.04,0.05,1.0,4,Lift
1541,437,0.04,0.05,1.0,4,Lift
1542,438,0.04,0.05,1.0,4,Lift
1543,439,0.04,0.05,1.0,4,Lift
1544,440,0.04,0.05,1.0,4,Lift
1545,441,0.04,0.05,1.0,4,Lift
1546,442,0.04,0.04,1.0,4,Lift
1547,443,0.04,0.05,1.0,4,Lift
1548,444,0.04,0.04,1.0,4,Lift
1549,445,0.04,0.04,1.0,4,Lift
1550,446,0.04,0.04,1.0,4,Lift
1551,447,0.04,0.05,1.0,4,Lift
1552,448,0.04,0.04,1.0,4,Lift
1553,449,0.04,0.05,1.0,4,Lift
1554,450,0.04,0.04,1.0,4,Lift
1555,451,0.04,0.05,1.0,4,Lift
1556,452,0.04,0.05,1.0,4,Lift
1557,453,0.04,0.05,1.0,4,Lift
1558,454,0.04,0.04,1.0,4,Lift
1559,455,0.04,0.05,1.0,4,Lift
1560,456,0.04,0.04,1.0,4,Lift
1561,457,0.04,0.04,1.0,4,Lift
1562,458,0.04,0.0,,4,Lift
1563,0,0.04,0.05,1.0,5,Lift
1564,1,0.04,0.05,1.0,5,Lift
1565,2,0.04,0.04,1.0,5,Lift
1566,3,0.04,0.05,1.0,5,Lift
1567,4,0.04,0.05,1.0,5,Lift
1568,5,0.04,0.05,1.0,5,Lift
1569,6,0.04,0.05,1.0,5,Lift
1570,7,0.04,0.05,1.0,5,Lift
1571,8,0.04,0.05,1.0,5,Lift
1572,9,0.04,0.05,1.0,5,Lift
1573,10,0.04,0.04,1.0,5,Lift
1574,11,0.04,0.05,1.0,5,Lift
1575,12,0.04,0.05,1.0,5,Lift
1576,13,0.04,0.05,1.0,5,Lift
1577,14,0.04,0.05,1.0,5,Lift
1578,15,0.04,0.04,1.0,5,Lift
1579,16,0.04,0.05,1.0,5,Lift
1580,17,0.04,0.05,1.0,5,Lift
1581,18,0.04,0.05,1.0,5,Lift
1582,19,0.04,0.04,1.0,5,Lift
1583,20,0.04,0.04,1.0,5,Lift
1584,21,0.04,0.05,1.0,5,Lift
1585,22,0.04,0.05,1.0,5,Lift
1586,23,0.04,0.05,1.0,5,Lift
1587,24,0.04,0.04,1.0,5,Lift
1588,25,0.04,0.04,1.0,5,Lift
1589,26,0.04,0.04,1.0,5,Lift
1590,27,0.04,0.04,1.0,5,Lift
1591,28,0.04,0.05,1.0,5,Lift
1592,29,0.04,0.04,1.0,5,Lift
1593,30,0.04,0.05,1.0,5,Lift
1594,31,0.04,0.05,1.0,5,Lift
1595,32,0.04,0.05,1.0,5,Lift
1596,33,0.04,0.05,1.0,5,Lift
1597,34,0.04,0.04,1.0,5,Lift
1598,35,0.04,0.05,1.0,5,Lift
1599,36,0.04,0.05,1.0,5,Lift
1600,37,0.04,0.05,1.0,5,Lift
1601,38,0.04,0.05,1.0,5,Lift
1602,39,0.04,0.04,1.0,5,Lift
1603,40,0.04,0.05,1.0,5,Lift
1604,41,0.04,0.05,1.0,5,Lift
1605,42,0.04,0.05,1.0,5,Lift
1606,43,0.04,0.05,1.0,5,Lift
1607,44,0.02,0.0,1.01,5,Lift
1608,45,-0.03,0.04,1.25,5,Lift
1609,46,0.06,0.06,1.11,5,Lift
1610,47,0.06,0.12,0.89,5,Lift
1611,48,0.06,0.06,0.97,5,Lift
1612,49,0.1,0.03,0.96,5,Lift
1613,50,0.11,0.07,0.98,5,Lift
1614,51,0.07,0.05,0.99,5,Lift
1615,52,0.06,0.05,0.93,5,Lift
1616,53,0.01,0.09,1.09,5,Lift
1617,54,-0.0,0.08,1.05,5,Lift
1618,55,0.01,0.03,1.01,5,Lift
1619,56,-0.02,0.05,1.02,5,Lift
1620,57,0.01,0.05,1.0,5,Lift
1621,58,0.03,0.05,1.0,5,Lift
1622,59,0.04,0.04,1.0,5,Lift
1623,60,0.04,0.05,1.0,5,Lift
1624,61,0.04,0.04,1.0,5,Lift
1625,62,0.04,0.05,1.0,5,Lift
1626,63,0.04,0.05,1.0,5,Lift
1627,64,0.04,0.05,1.0,5,Lift
1628,65,0.04,0.04,1.0,5,Lift
1629,66,0.04,0.05,1.0,5,Lift
1630,67,0.04,0.05,1.0,5,Lift
1631,68,0.04,0.04,1.0,5,Lift
1632,69,0.04,0.05,1.0,5,Lift
1633,70,0.04,0.04,1.0,5,Lift
1634,71,0.04,0.05,1.0,5,Lift
1635,72,0.04,0.04,1.0,5,Lift
1636,73,0.04,0.05,1.0,5,Lift
1637,74,0.04,0.04,1.0,5,Lift
1638,75,0.04,0.05,1.0,5,Lift
1639,76,0.04,0.05,1.0,5,Lift
1640,77,0.04,0.05,1.0,5,Lift
1641,78,0.04,0.04,1.0,5,Lift
1642,79,0.04,0.04,1.0,5,Lift
1643,80,0.04,0.05,1.0,5,Lift
1644,81,0.04,0.05,1.0,5,Lift
1645,82,0.04,0.04,1.0,5,Lift
1646,83,0.04,0.05,1.0,5,Lift
1647,84,0.04,0.04,1.0,5,Lift
1648,85,0.04,0.05,1.0,5,Lift
1649,86,0.04,0.05,1.0,5,Lift
1650,87,0.04,0.05,1.0,5,Lift
1651,88,0.04,0.05,1.0,5,Lift
1652,89,0.04,0.05,1.0,5,Lift
1653,90,0.04,0.05,1.0,5,Lift
1654,91,0.04,0.04,1.0,5,Lift
1655,92,0.04,0.04,1.01,5,Lift
1656,93,0.04,0.05,1.0,5,Lift
1657,94,0.04,0.05,1.0,5,Lift
1658,95,0.04,0.05,1.0,5,Lift
1659,96,0.04,0.05,1.0,5,Lift
1660,97,0.04,0.05,1.0,5,Lift
1661,98,0.04,0.04,1.0,5,Lift
1662,99,0.04,0.04,1.01,5,Lift
1663,100,0.0,0.05,0.99,5,Lift
1664,101,0.04,0.05,1.15,5,Lift
1665,102,0.01,0.06,1.07,5,Lift
1666,103,0.05,0.03,0.93,5,Lift
1667,104,0.11,0.07,1.0,5,Lift
1668,105,0.13,0.05,0.91,5,Lift
1669,106,0.16,0.06,0.98,5,Lift
1670,107,0.17,0.03,0.94,5,Lift
1671,108,0.12,0.12,0.97,5,Lift
1672,109,0.05,0.13,0.98,5,Lift
1673,110,0.0,0.01,1.07,5,Lift
1674,111,0.0,0.05,0.99,5,Lift
1675,112,0.0,0.09,0.96,5,Lift
1676,113,0.02,0.05,1.09,5,Lift
1677,114,0.02,0.07,0.94,5,Lift
1678,115,0.04,0.03,1.0,5,Lift
1679,116,0.04,0.04,1.0,5,Lift
1680,117,0.04,0.04,1.0,5,Lift
1681,118,0.04,0.04,1.0,5,Lift
1682,119,0.04,0.05,1.0,5,Lift
1683,120,0.04,0.04,1.0,5,Lift
1684,121,0.04,0.05,1.0,5,Lift
1685,122,0.04,0.04,1.0,5,Lift
1686,123,0.04,0.04,1.0,5,Lift
1687,124,0.03,0.05,1.0,5,Lift
1688,125,0.03,0.05,1.0,5,Lift
1689,126,0.04,0.05,1.0,5,Lift
1690,127,0.04,0.05,1.0,5,Lift
1691,128,0.04,0.05,1.0,5,Lift
1692,129,0.04,0.05,1.0,5,Lift
1693,130,0.04,0.04,1.0,5,Lift
1694,131,0.04,0.04,1.0,5,Lift
1695,132,0.04,0.05,1.0,5,Lift
1696,133,0.04,0.05,1.0,5,Lift
1697,134,0.04,0.05,1.0,5,Lift
1698,135,0.04,0.05,1.0,5,Lift
1699,136,0.04,0.05,1.0,5,Lift
1700,137,0.04,0.05,1.0,5,Lift
1701,138,0.04,0.05,1.0,5,Lift
1702,139,0.04,0.05,1.0,5,Lift
1703,140,0.04,0.04,1.0,5,Lift
1704,141,0.04,0.04,1.0,5,Lift
1705,142,0.04,0.04,1.0,5,Lift
1706,143,0.04,0.04,1.0,5,Lift
1707,144,0.04,0.04,1.0,5,Lift
1708,145,0.04,0.04,1.0,5,Lift
1709,146,0.04,0.04,1.0,5,Lift
1710,147,0.04,0.05,1.0,5,Lift
1711,148,0.04,0.05,1.0,5,Lift
1712,149,0.04,0.05,1.0,5,Lift
1713,150,0.04,0.05,1.0,5,Lift
1714,151,0.04,0.05,1.0,5,Lift
1715,152,0.04,0.04,1.0,5,Lift
1716,153,0.07,0.01,1.01,5,Lift
1717,154,0.02,0.06,1.04,5,Lift
1718,155,0.04,0.05,1.02,5,Lift
1719,156,0.03,0.11,1.07,5,Lift
1720,157,0.11,0.07,0.88,5,Lift
1721,158,0.14,0.05,0.99,5,Lift
1722,159,0.18,0.07,0.88,5,Lift
1723,160,0.15,0.07,0.97,5,Lift
1724,161,0.08,0.06,0.98,5,Lift
1725,162,0.09,0.07,1.09,5,Lift
1726,163,0.09,0.01,1.02,5,Lift
1727,164,0.05,0.06,1.02,5,Lift
1728,165,0.0,0.07,1.04,5,Lift
1729,166,0.01,0.1,1.02,5,Lift
1730,167,0.03,0.02,1.05,5,Lift
1731,168,0.04,0.03,1.0,5,Lift
1732,169,0.04,0.05,1.0,5,Lift
1733,170,0.04,0.04,1.0,5,Lift
1734,171,0.04,0.04,1.0,5,Lift
1735,172,0.04,0.05,1.0,5,Lift
1736,173,0.04,0.05,1.0,5,Lift
1737,174,0.04,0.04,1.0,5,Lift
1738,175,0.04,0.05,1.0,5,Lift
1739,176,0.04,0.04,1.0,5,Lift
1740,177,0.04,0.05,1.0,5,Lift
1741,178,0.04,0.05,1.0,5,Lift
1742,179,0.04,0.05,1.0,5,Lift
1743,180,0.04,0.05,1.0,5,Lift
1744,181,0.04,0.05,1.0,5,Lift
1745,182,0.04,0.04,1.0,5,Lift
1746,183,0.04,0.05,1.0,5,Lift
1747,184,0.04,0.05,1.0,5,Lift
1748,185,0.04,0.05,1.0,5,Lift
1749,186,0.04,0.05,1.0,5,Lift
1750,187,0.04,0.05,1.0,5,Lift
1751,188,0.04,0.05,1.0,5,Lift
1752,189,0.04,0.05,1.0,5,Lift
1753,190,0.04,0.04,1.0,5,Lift
1754,191,0.04,0.04,1.0,5,Lift
1755,192,0.04,0.05,1.0,5,Lift
1756,193,0.04,0.05,1.0,5,Lift
1757,194,0.04,0.05,1.0,5,Lift
1758,195,0.04,0.04,1.0,5,Lift
1759,196,0.04,0.04,1.0,5,Lift
1760,197,0.04,0.05,1.0,5,Lift
1761,198,0.04,0.05,1.0,5,Lift
1762,199,0.04,0.04,1.0,5,Lift
1763,200,0.04,0.05,1.0,5,Lift
1764,201,0.04,0.05,1.0,5,Lift
1765,202,0.04,0.05,1.0,5,Lift
1766,203,0.04,0.04,1.0,5,Lift
1767,204,0.04,0.04,1.0,5,Lift
1768,205,0.04,0.05,1.0,5,Lift
1769,206,0.04,0.05,1.0,5,Lift
1770,207,0.03,0.03,1.0,5,Lift
1771,208,0.04,0.04,0.99,5,Lift
1772,209,0.01,0.04,1.15,5,Lift
1773,210,0.06,0.03,0.98,5,Lift
1774,211,0.07,0.02,0.96,5,Lift
1775,212,0.11,0.04,0.9,5,Lift
1776,213,0.15,0.08,0.96,5,Lift
1777,214,0.15,0.06,0.99,5,Lift
1778,215,0.15,0.04,1.0,5,Lift
1779,216,0.15,0.03,1.0,5,Lift
1780,217,0.15,0.07,1.02,5,Lift
1781,218,0.15,0.04,0.96,5,Lift
1782,219,0.13,0.07,0.89,5,Lift
1783,220,0.03,0.04,0.91,5,Lift
1784,221,-0.02,0.02,1.03,5,Lift
1785,222,0.0,0.05,1.03,5,Lift
1786,223,0.07,0.03,0.98,5,Lift
1787,224,0.02,0.07,1.0,5,Lift
1788,225,0.04,0.04,1.0,5,Lift
1789,226,0.04,0.04,1.0,5,Lift
1790,227,0.04,0.05,1.0,5,Lift
1791,228,0.04,0.04,1.0,5,Lift
1792,229,0.04,0.04,1.0,5,Lift
1793,230,0.04,0.05,1.0,5,Lift
1794,231,0.04,0.05,1.0,5,Lift
1795,232,0.04,0.05,1.0,5,Lift
1796,233,0.04,0.05,1.0,5,Lift
1797,234,0.04,0.04,1.0,5,Lift
1798,235,0.04,0.04,1.0,5,Lift
1799,236,0.04,0.04,1.0,5,Lift
1800,237,0.04,0.05,1.0,5,Lift
1801,238,0.04,0.04,1.0,5,Lift
1802,239,0.04,0.05,1.0,5,Lift
1803,240,0.04,0.05,1.0,5,Lift
1804,241,0.04,0.04,1.0,5,Lift
1805,242,0.04,0.04,1.0,5,Lift
1806,243,0.04,0.04,1.0,5,Lift
1807,244,0.04,0.05,1.0,5,Lift
1808,245,0.04,0.05,1.0,5,Lift
1809,246,0.04,0.05,1.0,5,Lift
1810,247,0.04,0.05,1.0,5,Lift
1811,248,0.04,0.05,1.0,5,Lift
1812,249,0.04,0.05,1.0,5,Lift
1813,250,0.04,0.05,1.0,5,Lift
1814,251,0.04,0.05,1.0,5,Lift
1815,252,0.04,0.05,1.0,5,Lift
1816,253,0.04,0.05,1.0,5,Lift
1817,254,0.04,0.05,1.0,5,Lift
1818,255,0.04,0.05,1.0,5,Lift
1819,256,0.04,0.05,1.0,5,Lift
1820,257,0.04,0.05,1.0,5,Lift
1821,258,0.04,0.04,1.0,5,Lift
1822,259,0.04,0.05,1.0,5,Lift
1823,260,0.04,0.05,1.0,5,Lift
1824,261,0.04,0.05,1.0,5,Lift
1825,262,0.04,0.05,1.0,5,Lift
1826,263,0.04,0.05,1.0,5,Lift
1827,264,0.04,0.05,1.0,5,Lift
1828,265,0.03,0.04,1.0,5,Lift
1829,266,0.03,0.05,1.0,5,Lift
1830,267,-0.02,0.05,1.02,5,Lift
1831,268,0.04,0.07,1.12,5,Lift
1832,269,0.04,0.13,0.99,5,Lift
1833,270,0.09,0.09,0.94,5,Lift
1834,271,0.12,0.07,0.89,5,Lift
1835,272,0.13,0.09,0.95,5,Lift
1836,273,0.09,0.14,0.92,5,Lift
1837,274,0.01,0.13,1.05,5,Lift
1838,275,0.01,0.05,1.06,5,Lift
1839,276,0.01,0.07,0.97,5,Lift
1840,277,0.01,0.11,1.04,5,Lift
1841,278,0.04,0.07,1.02,5,Lift
1842,279,0.02,0.04,1.0,5,Lift
1843,280,0.04,0.05,1.0,5,Lift
1844,281,0.03,0.05,1.0,5,Lift
1845,282,0.04,0.04,1.0,5,Lift
1846,283,0.04,0.04,1.0,5,Lift
1847,284,0.04,0.05,1.0,5,Lift
1848,285,0.04,0.05,1.0,5,Lift
1849,286,0.04,0.05,1.0,5,Lift
1850,287,0.04,0.04,1.0,5,Lift
1851,288,0.04,0.05,1.0,5,Lift
1852,289,0.04,0.05,1.0,5,Lift
1853,290,0.04,0.05,1.0,5,Lift
1854,291,0.04,0.05,1.0,5,Lift
1855,292,0.04,0.04,1.0,5,Lift
1856,293,0.04,0.04,1.0,5,Lift
1857,294,0.03,0.05,1.0,5,Lift
1858,295,0.04,0.04,1.0,5,Lift
1859,296,0.04,0.05,1.0,5,Lift
1860,297,0.04,0.04,1.0,5,Lift
1861,298,0.04,0.05,1.0,5,Lift
1862,299,0.04,0.05,1.0,5,Lift
1863,300,0.04,0.05,1.0,5,Lift
1864,301,0.04,0.04,1.0,5,Lift
1865,302,0.04,0.05,1.0,5,Lift
1866,303,0.04,0.05,1.0,5,Lift
1867,304,0.04,0.05,1.0,5,Lift
1868,305,0.04,0.04,1.0,5,Lift
1869,306,0.04,0.05,1.0,5,Lift
1870,307,0.04,0.05,1.0,5,Lift
1871,308,0.04,0.05,1.0,5,Lift
1872,309,0.04,0.05,1.0,5,Lift
1873,310,0.04,0.05,1.0,5,Lift
1874,311,0.04,0.05,1.0,5,Lift
1875,312,0.04,0.04,1.0,5,Lift
1876,313,0.04,0.05,1.0,5,Lift
1877,314,0.04,0.04,1.0,5,Lift
1878,315,0.04,0.05,1.0,5,Lift
1879,316,0.04,0.05,1.0,5,Lift
1880,317,0.04,0.05,1.0,5,Lift
1881,318,0.04,0.05,1.0,5,Lift
1882,319,0.04,0.04,1.0,5,Lift
1883,320,0.04,0.05,1.0,5,Lift
1884,321,0.02,0.08,1.02,5,Lift
1885,322,0.04,0.11,1.03,5,Lift
1886,323,0.04,0.14,0.95,5,Lift
1887,324,0.11,0.1,0.96,5,Lift
1888,325,0.18,0.06,0.95,5,Lift
1889,326,0.2,0.1,0.89,5,Lift
1890,327,0.19,0.11,0.92,5,Lift
1891,328,0.11,0.05,0.98,5,Lift
1892,329,0.03,0.11,1.02,5,Lift
1893,330,0.02,0.12,1.03,5,Lift
1894,331,-0.01,0.1,1.01,5,Lift
1895,332,-0.06,0.33,1.64,5,Lift
1896,333,0.04,0.05,1.0,5,Lift
1897,334,0.03,0.05,1.0,5,Lift
1898,335,0.03,0.05,1.0,5,Lift
1899,336,0.04,0.05,1.0,5,Lift
1900,337,0.04,0.05,1.0,5,Lift
1901,338,0.04,0.04,1.0,5,Lift
1902,339,0.04,0.05,1.0,5,Lift
1903,340,0.04,0.05,1.0,5,Lift
1904,341,0.04,0.04,1.0,5,Lift
1905,342,0.04,0.05,1.0,5,Lift
1906,343,0.04,0.05,1.0,5,Lift
1907,344,0.04,0.04,1.0,5,Lift
1908,345,0.04,0.05,1.0,5,Lift
1909,346,0.04,0.05,1.0,5,Lift
1910,347,0.04,0.04,1.0,5,Lift
1911,348,0.04,0.05,1.0,5,Lift
1912,349,0.04,0.05,1.0,5,Lift
1913,350,0.04,0.05,1.0,5,Lift
1914,351,0.04,0.05,1.0,5,Lift
1915,352,0.04,0.05,1.0,5,Lift
1916,353,0.04,0.05,1.0,5,Lift
1917,354,0.04,0.05,1.0,5,Lift
1918,355,0.04,0.05,1.0,5,Lift
1919,356,0.04,0.04,1.0,5,Lift
1920,357,0.04,0.05,1.0,5,Lift
1921,358,0.04,0.04,1.0,5,Lift
1922,359,0.04,0.05,1.0,5,Lift
1923,360,0.04,0.05,1.0,5,Lift
1924,361,0.04,0.05,1.0,5,Lift
1925,362,0.03,0.05,1.0,5,Lift
1926,363,0.04,0.05,1.0,5,Lift
1927,364,0.04,0.05,1.0,5,Lift
1928,365,0.04,0.05,1.0,5,Lift
1929,366,0.04,0.05,1.0,5,Lift
1930,367,0.04,0.05,1.0,5,Lift
1931,368,0.04,0.04,1.0,5,Lift
1932,369,0.04,0.05,1.0,5,Lift
1933,370,0.04,0.05,1.0,5,Lift
1934,371,0.04,0.05,1.0,5,Lift
1935,372,0.04,0.05,1.0,5,Lift
1936,373,0.02,0.07,1.01,5,Lift
1937,374,0.02,0.04,1.02,5,Lift
1938,375,-0.02,0.04,1.15,5,Lift
1939,376,0.03,0.02,1.05,5,Lift
1940,377,0.1,0.08,0.96,5,Lift
1941,378,0.14,0.05,0.89,5,Lift
1942,379,0.14,0.09,0.93,5,Lift
1943,380,0.13,0.09,0.93,5,Lift
1944,381,0.06,0.08,0.98,5,Lift
1945,382,0.0,0.09,1.11,5,Lift
1946,383,-0.02,0.07,1.09,5,Lift
1947,384,-0.04,0.07,1.03,5,Lift
1948,385,-0.01,0.09,1.0,5,Lift
1949,386,0.01,0.09,1.03,5,Lift
1950,387,0.03,0.05,0.99,5,Lift
1951,388,0.04,0.04,1.0,5,Lift
1952,389,0.04,0.05,1.0,5,Lift
1953,390,0.04,0.05,1.0,5,Lift
1954,391,0.04,0.04,1.0,5,Lift
1955,392,0.04,0.05,1.0,5,Lift
1956,393,0.04,0.05,1.0,5,Lift
1957,394,0.04,0.05,1.0,5,Lift
1958,395,0.04,0.05,1.0,5,Lift
1959,396,0.04,0.05,1.0,5,Lift
1960,397,0.04,0.04,1.0,5,Lift
1961,398,0.04,0.05,1.0,5,Lift
1962,399,0.04,0.05,1.0,5,Lift
1963,400,0.04,0.05,1.0,5,Lift
1964,401,0.04,0.05,1.0,5,Lift
1965,402,0.04,0.05,1.0,5,Lift
1966,403,0.04,0.05,1.0,5,Lift
1967,404,0.04,0.04,1.0,5,Lift
1968,405,0.04,0.05,1.0,5,Lift
1969,406,0.04,0.05,1.0,5,Lift
1970,407,0.03,0.05,1.0,5,Lift
1971,408,0.04,0.05,1.0,5,Lift
1972,409,0.04,0.05,1.0,5,Lift
1973,410,0.04,0.05,1.0,5,Lift
1974,411,0.04,0.05,1.0,5,Lift
1975,412,0.04,0.05,1.0,5,Lift
1976,413,0.04,0.05,1.0,5,Lift
1977,414,0.04,0.05,1.0,5,Lift
1978,415,0.04,0.05,1.0,5,Lift
1979,416,0.04,0.05,1.0,5,Lift
1980,417,0.04,0.05,1.0,5,Lift
1981,418,0.03,0.05,1.0,5,Lift
1982,419,0.04,0.04,1.0,5,Lift
1983,420,0.04,0.05,1.0,5,Lift
1984,421,0.04,0.04,1.0,5,Lift
1985,422,0.04,0.05,1.0,5,Lift
1986,423,0.04,0.05,1.0,5,Lift
1987,424,0.04,0.05,1.0,5,Lift
1988,425,0.04,0.04,1.0,5,Lift
1989,426,0.04,0.05,1.0,5,Lift
1990,427,0.04,0.05,1.0,5,Lift
1991,428,0.04,0.05,1.0,5,Lift
1992,429,0.04,0.05,1.0,5,Lift
1993,430,0.04,0.04,1.0,5,Lift
1994,431,0.0,0.03,1.01,5,Lift
1995,432,-0.0,0.08,0.99,5,Lift
1996,433,0.02,0.02,1.18,5,Lift
1997,434,0.08,0.11,0.9,5,Lift
1998,435,0.16,0.13,0.92,5,Lift
1999,436,0.15,0.08,0.9,5,Lift
2000,437,0.15,0.13,0.95,5,Lift
2001,438,0.11,0.12,0.95,5,Lift
2002,439,0.04,0.12,0.98,5,Lift
2003,440,0.0,0.14,0.99,5,Lift
2004,441,-0.0,0.12,1.02,5,Lift
2005,442,-0.02,0.1,1.01,5,Lift
2006,443,-0.02,0.13,0.94,5,Lift
2007,444,0.02,0.04,1.0,5,Lift
2008,445,0.04,0.05,1.0,5,Lift
2009,446,0.04,0.04,1.0,5,Lift
2010,447,0.04,0.05,1.0,5,Lift
2011,448,0.04,0.05,1.0,5,Lift
2012,449,0.04,0.05,1.0,5,Lift
2013,450,0.04,0.05,1.0,5,Lift
2014,451,0.04,0.05,1.0,5,Lift
2015,452,0.04,0.05,1.0,5,Lift
2016,453,0.04,0.05,1.0,5,Lift
2017,454,0.04,0.05,1.0,5,Lift
2018,455,0.04,0.05,1.0,5,Lift
2019,456,0.04,0.05,1.0,5,Lift
2020,457,0.04,0.05,1.0,5,Lift
2021,458,0.04,0.05,1.0,5,Lift
2022,459,0.04,0.05,1.0,5,Lift
2023,460,0.04,0.05,1.0,5,Lift
2024,461,0.04,0.05,1.0,5,Lift
2025,462,0.04,0.05,1.0,5,Lift
2026,463,0.04,0.05,1.0,5,Lift
2027,464,0.04,0.05,1.0,5,Lift
2028,465,0.04,0.05,1.0,5,Lift
2029,466,0.04,0.05,1.0,5,Lift
2030,467,0.04,0.05,1.0,5,Lift
2031,468,0.04,0.05,1.0,5,Lift
2032,469,0.04,0.05,1.0,5,Lift
2033,470,0.04,0.04,1.0,5,Lift
2034,471,0.04,0.05,1.0,5,Lift
2035,472,0.04,0.05,1.0,5,Lift
2036,473,0.04,0.05,1.0,5,Lift
2037,474,0.04,0.05,1.0,5,Lift
2038,475,0.04,0.04,1.0,5,Lift
2039,476,0.04,0.05,1.0,5,Lift
2040,477,0.04,0.05,1.0,5,Lift
2041,478,0.04,0.05,1.0,5,Lift
2042,479,0.04,0.04,1.0,5,Lift
2043,480,0.04,0.05,1.0,5,Lift
2044,481,0.04,0.05,1.0,5,Lift
2045,482,0.04,0.05,1.0,5,Lift
2046,483,0.04,0.05,1.0,5,Lift
2047,484,0.05,0.03,1.0,5,Lift
2048,485,0.03,0.05,1.0,5,Lift
2049,486,-0.02,0.12,1.06,5,Lift
2050,487,0.02,0.11,1.05,5,Lift
2051,488,0.06,0.09,0.92,5,Lift
2052,489,0.13,0.1,0.96,5,Lift
2053,490,0.17,0.09,0.91,5,Lift
2054,491,0.17,0.04,0.96,5,Lift
2055,492,0.14,0.12,0.95,5,Lift
2056,493,0.09,0.13,0.94,5,Lift
2057,494,0.07,0.08,1.04,5,Lift
2058,495,0.02,0.07,0.99,5,Lift
2059,496,0.0,0.04,1.07,5,Lift
2060,497,-0.02,0.11,1.04,5,Lift
2061,498,0.02,0.04,1.02,5,Lift
2062,499,0.02,0.04,1.0,5,Lift
2063,500,0.04,0.05,1.0,5,Lift
2064,501,0.04,0.05,1.0,5,Lift
2065,502,0.04,0.05,1.0,5,Lift
2066,503,0.04,0.04,1.0,5,Lift
2067,504,0.03,0.05,1.0,5,Lift
2068,505,0.04,0.05,1.0,5,Lift
2069,506,0.04,0.05,1.0,5,Lift
2070,507,0.04,0.05,1.0,5,Lift
2071,508,0.04,0.05,1.0,5,Lift
2072,509,0.04,0.05,1.0,5,Lift
2073,510,0.04,0.05,1.0,5,Lift
2074,511,0.04,0.05,1.0,5,Lift
2075,512,0.04,0.04,1.0,5,Lift
2076,513,0.04,0.05,1.0,5,Lift
2077,514,0.04,0.04,1.0,5,Lift
2078,515,0.04,0.05,1.0,5,Lift
2079,516,0.04,0.04,1.0,5,Lift
2080,517,0.04,0.05,1.0,5,Lift
2081,518,0.04,0.05,1.0,5,Lift
2082,519,0.03,0.05,1.0,5,Lift
2083,520,0.04,0.05,1.0,5,Lift
2084,521,0.04,0.04,1.0,5,Lift
2085,522,0.04,0.05,1.0,5,Lift
2086,523,0.04,0.05,1.0,5,Lift
2087,524,0.04,0.04,1.0,5,Lift
2088,525,0.04,0.05,1.0,5,Lift
2089,526,0.04,0.05,1.0,5,Lift
2090,527,0.04,0.05,1.0,5,Lift
2091,528,0.04,0.05,1.0,5,Lift
2092,529,0.04,0.05,1.0,5,Lift
2093,530,0.04,0.05,1.0,5,Lift
2094,531,0.04,0.05,1.0,5,Lift
2095,532,0.04,0.05,1.0,5,Lift
2096,533,0.04,0.05,1.0,5,Lift
2097,534,0.04,0.05,1.0,5,Lift
2098,535,0.04,0.05,1.0,5,Lift
2099,0,0.03,-0.03,1.01,6,Lift
2100,1,0.03,-0.04,1.0,6,Lift
2101,2,0.04,-0.03,1.01,6,Lift
2102,3,0.03,-0.04,1.01,6,Lift
2103,4,0.04,-0.04,1.01,6,Lift
2104,5,0.04,-0.03,1.02,6,Lift
2105,6,0.04,-0.03,1.01,6,Lift
2106,7,0.03,-0.04,1.01,6,Lift
2107,8,0.04,-0.04,1.01,6,Lift
2108,9,0.04,-0.03,1.01,6,Lift
2109,10,0.04,-0.04,1.0,6,Lift
2110,11,0.04,-0.03,1.01,6,Lift
2111,12,0.04,-0.03,1.01,6,Lift
2112,13,0.04,-0.04,1.01,6,Lift
2113,14,0.04,-0.04,1.0,6,Lift
2114,15,0.04,-0.03,1.0,6,Lift
2115,16,0.04,-0.04,1.01,6,Lift
2116,17,0.04,-0.04,1.01,6,Lift
2117,18,0.04,-0.04,1.01,6,Lift
2118,19,0.04,-0.04,1.01,6,Lift
2119,20,0.03,-0.04,1.01,6,Lift
2120,21,0.04,-0.04,1.01,6,Lift
2121,22,0.03,-0.03,1.01,6,Lift
2122,23,0.04,-0.04,1.01,6,Lift
2123,24,0.03,-0.03,1.01,6,Lift
2124,25,0.03,-0.04,1.01,6,Lift
2125,26,0.04,-0.03,1.01,6,Lift
2126,27,0.04,-0.03,1.01,6,Lift
2127,28,0.04,-0.04,1.02,6,Lift
2128,29,0.03,-0.04,1.01,6,Lift
2129,30,0.04,-0.04,1.01,6,Lift
2130,31,0.04,-0.04,1.01,6,Lift
2131,32,0.04,-0.03,1.01,6,Lift
2132,33,0.03,-0.04,1.01,6,Lift
2133,34,0.03,-0.03,1.01,6,Lift
2134,35,0.03,-0.04,1.01,6,Lift
2135,36,0.04,-0.03,1.01,6,Lift
2136,37,0.03,-0.04,1.01,6,Lift
2137,38,0.05,0.0,1.04,6,Lift
2138,39,0.04,-0.04,1.14,6,Lift
2139,40,0.02,-0.04,1.01,6,Lift
2140,41,0.05,-0.06,0.94,6,Lift
2141,42,0.1,-0.03,0.93,6,Lift
2142,43,0.1,-0.04,0.91,6,Lift
2143,44,0.08,-0.06,0.97,6,Lift
2144,45,0.05,-0.02,1.0,6,Lift
2145,46,0.03,-0.05,1.05,6,Lift
2146,47,0.03,-0.01,1.08,6,Lift
2147,48,-0.0,-0.02,1.04,6,Lift
2148,49,-0.0,0.03,0.94,6,Lift
2149,50,0.04,-0.06,1.16,6,Lift
2150,51,0.03,-0.03,1.02,6,Lift
2151,52,0.04,-0.03,1.01,6,Lift
2152,53,0.03,-0.03,1.01,6,Lift
2153,54,0.04,-0.04,1.01,6,Lift
2154,55,0.04,-0.03,1.01,6,Lift
2155,56,0.03,-0.03,1.01,6,Lift
2156,57,0.04,-0.04,1.01,6,Lift
2157,58,0.04,-0.03,1.0,6,Lift
2158,59,0.04,-0.04,1.01,6,Lift
2159,60,0.04,-0.04,1.01,6,Lift
2160,61,0.04,-0.03,1.01,6,Lift
2161,62,0.04,-0.03,1.01,6,Lift
2162,63,0.04,-0.04,1.01,6,Lift
2163,64,0.04,-0.03,1.01,6,Lift
2164,65,0.04,-0.03,1.01,6,Lift
2165,66,0.04,-0.04,1.01,6,Lift
2166,67,0.03,-0.04,1.01,6,Lift
2167,68,0.04,-0.04,1.01,6,Lift
2168,69,0.04,-0.04,1.01,6,Lift
2169,70,0.04,-0.03,1.01,6,Lift
2170,71,0.04,-0.04,1.0,6,Lift
2171,72,0.04,-0.03,1.01,6,Lift
2172,73,0.04,-0.04,1.01,6,Lift
2173,74,0.04,-0.03,1.01,6,Lift
2174,75,0.03,-0.03,1.01,6,Lift
2175,76,0.04,-0.04,1.01,6,Lift
2176,77,0.04,-0.04,1.01,6,Lift
2177,78,0.04,-0.04,1.01,6,Lift
2178,79,0.03,-0.04,1.0,6,Lift
2179,80,0.04,-0.04,1.01,6,Lift
2180,81,0.04,-0.04,1.01,6,Lift
2181,82,0.04,-0.03,1.01,6,Lift
2182,83,0.04,-0.04,1.01,6,Lift
2183,84,0.04,-0.04,1.01,6,Lift
2184,85,0.04,-0.03,1.01,6,Lift
2185,86,0.02,0.01,1.02,6,Lift
2186,87,0.02,-0.02,1.02,6,Lift
2187,88,0.01,-0.0,1.02,6,Lift
2188,89,0.03,-0.06,1.08,6,Lift
2189,90,0.04,-0.07,1.08,6,Lift
2190,91,0.06,-0.1,0.96,6,Lift
2191,92,0.07,-0.1,0.96,6,Lift
2192,93,0.11,-0.07,0.96,6,Lift
2193,94,0.13,-0.05,0.97,6,Lift
2194,95,0.12,-0.08,1.0,6,Lift
2195,96,0.11,-0.06,0.97,6,Lift
2196,97,0.09,0.0,0.96,6,Lift
2197,98,0.07,-0.05,0.98,6,Lift
2198,99,0.05,-0.06,1.01,6,Lift
2199,100,0.02,-0.03,1.12,6,Lift
2200,101,0.01,-0.01,1.04,6,Lift
2201,102,0.0,-0.01,1.02,6,Lift
2202,103,0.02,0.0,0.98,6,Lift
2203,104,0.02,-0.04,1.02,6,Lift
2204,105,0.04,-0.04,1.01,6,Lift
2205,106,0.04,-0.02,1.01,6,Lift
2206,107,0.03,-0.04,1.01,6,Lift
2207,108,0.04,-0.03,1.01,6,Lift
2208,109,0.04,-0.04,1.01,6,Lift
2209,110,0.04,-0.04,1.0,6,Lift
2210,111,0.04,-0.03,1.01,6,Lift
2211,112,0.04,-0.04,1.01,6,Lift
2212,113,0.03,-0.04,1.01,6,Lift
2213,114,0.03,-0.03,1.01,6,Lift
2214,115,0.04,-0.04,1.01,6,Lift
2215,116,0.03,-0.04,1.01,6,Lift
2216,117,0.04,-0.04,1.01,6,Lift
2217,118,0.04,-0.04,1.01,6,Lift
2218,119,0.04,-0.04,1.01,6,Lift
2219,120,0.04,-0.03,1.01,6,Lift
2220,121,0.04,-0.04,1.01,6,Lift
2221,122,0.04,-0.04,1.01,6,Lift
2222,123,0.03,-0.04,1.01,6,Lift
2223,124,0.04,-0.04,1.01,6,Lift
2224,125,0.04,-0.03,1.01,6,Lift
2225,126,0.04,-0.04,1.01,6,Lift
2226,127,0.04,-0.04,1.01,6,Lift
2227,128,0.04,-0.04,1.01,6,Lift
2228,129,0.04,-0.03,1.01,6,Lift
2229,130,0.04,-0.03,1.01,6,Lift
2230,131,0.04,-0.04,1.01,6,Lift
2231,132,0.04,-0.04,1.01,6,Lift
2232,133,0.04,-0.03,1.01,6,Lift
2233,134,0.04,-0.04,1.01,6,Lift
2234,135,0.04,-0.04,1.01,6,Lift
2235,136,0.04,-0.04,1.01,6,Lift
2236,137,0.04,-0.04,1.01,6,Lift
2237,138,0.03,-0.04,1.01,6,Lift
2238,139,0.03,-0.04,1.03,6,Lift
2239,140,0.03,-0.02,1.0,6,Lift
2240,141,-0.03,-0.0,1.07,6,Lift
2241,142,0.01,0.0,1.02,6,Lift
2242,143,0.04,-0.06,1.0,6,Lift
2243,144,0.09,-0.07,0.96,6,Lift
2244,145,0.08,-0.07,0.96,6,Lift
2245,146,0.11,-0.06,0.95,6,Lift
2246,147,0.12,-0.05,1.0,6,Lift
2247,148,0.12,-0.04,1.02,6,Lift
2248,149,0.12,-0.07,1.02,6,Lift
2249,150,0.11,-0.01,0.97,6,Lift
2250,151,0.1,0.05,0.77,6,Lift
2251,152,0.09,-0.07,1.05,6,Lift
2252,153,0.06,-0.06,1.11,6,Lift
2253,154,0.01,-0.02,1.04,6,Lift
2254,155,0.04,-0.02,1.07,6,Lift
2255,156,0.03,-0.02,1.01,6,Lift
2256,157,0.05,-0.04,1.01,6,Lift
2257,158,0.04,-0.03,1.01,6,Lift
2258,159,0.03,-0.03,1.01,6,Lift
2259,160,0.04,-0.03,1.02,6,Lift
2260,161,0.04,-0.04,1.0,6,Lift
2261,162,0.04,-0.04,1.02,6,Lift
2262,163,0.04,-0.03,1.01,6,Lift
2263,164,0.04,-0.04,1.01,6,Lift
2264,165,0.03,-0.04,1.01,6,Lift
2265,166,0.03,-0.04,1.01,6,Lift
2266,167,0.04,-0.03,1.01,6,Lift
2267,168,0.04,-0.03,1.0,6,Lift
2268,169,0.04,-0.04,1.01,6,Lift
2269,170,0.04,-0.03,1.01,6,Lift
2270,171,0.04,-0.03,1.01,6,Lift
2271,172,0.04,-0.03,1.0,6,Lift
2272,173,0.04,-0.03,1.01,6,Lift
2273,174,0.04,-0.04,1.01,6,Lift
2274,175,0.04,-0.03,1.01,6,Lift
2275,176,0.04,-0.03,1.0,6,Lift
2276,177,0.04,-0.04,1.01,6,Lift
2277,178,0.04,-0.03,1.01,6,Lift
2278,179,0.04,-0.04,1.01,6,Lift
2279,180,0.03,-0.03,1.01,6,Lift
2280,181,0.03,-0.04,1.01,6,Lift
2281,182,0.04,-0.03,1.01,6,Lift
2282,183,0.04,-0.04,1.0,6,Lift
2283,184,0.03,-0.04,1.01,6,Lift
2284,185,0.04,-0.03,1.01,6,Lift
2285,186,0.04,-0.03,1.0,6,Lift
2286,187,0.04,-0.04,1.0,6,Lift
2287,188,0.03,-0.04,1.01,6,Lift
2288,189,0.02,-0.01,1.01,6,Lift
2289,190,-0.02,0.0,0.98,6,Lift
2290,191,0.02,-0.03,1.04,6,Lift
2291,192,0.05,-0.04,1.05,6,Lift
2292,193,0.08,0.01,0.9,6,Lift
2293,194,0.09,-0.03,0.92,6,Lift
2294,195,0.09,-0.09,0.97,6,Lift
2295,196,0.08,-0.03,0.91,6,Lift
2296,197,0.07,-0.05,0.97,6,Lift
2297,198,0.06,0.01,1.03,6,Lift
2298,199,0.05,-0.05,1.13,6,Lift
2299,200,0.01,-0.05,1.08,6,Lift
2300,201,-0.05,0.04,0.99,6,Lift
2301,202,0.02,-0.04,1.01,6,Lift
2302,203,0.04,-0.04,1.01,6,Lift
2303,204,0.04,-0.04,1.01,6,Lift
2304,205,0.04,-0.04,1.01,6,Lift
2305,206,0.04,-0.04,1.01,6,Lift
2306,207,0.04,-0.04,1.01,6,Lift
2307,208,0.04,-0.04,1.01,6,Lift
2308,209,0.04,-0.03,1.0,6,Lift
2309,210,0.04,-0.04,1.01,6,Lift
2310,211,0.04,-0.04,1.01,6,Lift
2311,212,0.04,-0.04,1.01,6,Lift
2312,213,0.04,-0.03,1.01,6,Lift
2313,214,0.03,-0.04,1.01,6,Lift
2314,215,0.04,-0.04,1.0,6,Lift
2315,216,0.03,-0.03,1.01,6,Lift
2316,217,0.04,-0.04,1.01,6,Lift
2317,218,0.04,-0.03,1.0,6,Lift
2318,219,0.04,-0.04,1.01,6,Lift
2319,220,0.04,-0.04,1.01,6,Lift
2320,221,0.04,-0.03,1.01,6,Lift
2321,222,0.03,-0.04,1.01,6,Lift
2322,223,0.04,-0.03,1.01,6,Lift
2323,224,0.04,-0.04,1.01,6,Lift
2324,225,0.04,-0.04,1.0,6,Lift
2325,226,0.04,-0.04,1.01,6,Lift
2326,227,0.04,-0.04,1.0,6,Lift
2327,228,0.04,-0.04,1.01,6,Lift
2328,229,0.04,-0.04,1.01,6,Lift
2329,230,0.04,-0.04,1.01,6,Lift
2330,231,0.03,-0.03,1.01,6,Lift
2331,232,0.04,-0.03,1.01,6,Lift
2332,233,0.04,-0.04,1.01,6,Lift
2333,234,0.04,-0.03,1.0,6,Lift
2334,235,0.04,-0.03,1.01,6,Lift
2335,236,0.04,-0.03,1.01,6,Lift
2336,237,0.03,-0.04,1.01,6,Lift
2337,238,-0.02,0.09,1.11,6,Lift
2338,239,0.01,-0.04,1.13,6,Lift
2339,240,0.04,-0.02,0.95,6,Lift
2340,241,0.09,-0.05,0.9,6,Lift
2341,242,0.1,-0.06,0.86,6,Lift
2342,243,0.1,-0.12,1.01,6,Lift
2343,244,0.1,-0.05,0.93,6,Lift
2344,245,0.08,0.09,0.75,6,Lift
2345,246,0.04,-0.14,1.31,6,Lift
2346,247,0.0,-0.03,1.04,6,Lift
2347,248,0.02,-0.02,1.02,6,Lift
2348,249,0.04,-0.04,1.01,6,Lift
2349,250,0.03,-0.04,1.01,6,Lift
2350,251,0.03,-0.03,1.01,6,Lift
2351,252,0.04,-0.03,1.01,6,Lift
2352,253,0.04,-0.04,1.01,6,Lift
2353,254,0.04,-0.04,1.0,6,Lift
2354,255,0.04,-0.03,1.0,6,Lift
2355,256,0.03,-0.03,1.01,6,Lift
2356,257,0.04,-0.03,1.01,6,Lift
2357,258,0.04,-0.04,1.01,6,Lift
2358,259,0.04,-0.03,1.01,6,Lift
2359,260,0.03,-0.04,1.01,6,Lift
2360,261,0.04,-0.03,1.01,6,Lift
2361,262,0.04,-0.03,1.01,6,Lift
2362,263,0.03,-0.03,1.01,6,Lift
2363,264,0.03,-0.04,1.01,6,Lift
2364,265,0.03,-0.04,1.01,6,Lift
2365,266,0.03,-0.03,1.01,6,Lift
2366,267,0.04,-0.03,1.0,6,Lift
2367,268,0.04,-0.04,1.01,6,Lift
2368,269,0.04,-0.03,1.01,6,Lift
2369,270,0.04,-0.03,1.01,6,Lift
2370,271,0.04,-0.04,1.01,6,Lift
2371,272,0.03,-0.04,1.0,6,Lift
2372,273,0.04,-0.04,1.01,6,Lift
2373,274,0.03,-0.03,1.01,6,Lift
2374,275,0.04,-0.04,1.01,6,Lift
2375,276,0.04,-0.03,1.01,6,Lift
2376,277,0.04,-0.04,1.01,6,Lift
2377,278,0.04,-0.03,1.01,6,Lift
2378,279,0.04,-0.04,1.0,6,Lift
2379,280,0.04,-0.03,1.01,6,Lift
2380,281,0.04,-0.04,1.01,6,Lift
2381,282,0.05,-0.03,1.02,6,Lift
2382,283,0.01,-0.02,1.07,6,Lift
2383,284,0.05,0.04,1.16,6,Lift
2384,285,0.05,-0.07,1.08,6,Lift
2385,286,0.08,0.0,0.9,6,Lift
2386,287,0.12,-0.06,0.88,6,Lift
2387,288,0.13,-0.03,1.0,6,Lift
2388,289,0.14,-0.04,0.94,6,Lift
2389,290,0.07,-0.04,0.87,6,Lift
2390,291,0.02,-0.02,1.09,6,Lift
2391,292,0.05,0.0,1.12,6,Lift
2392,293,0.0,0.02,0.98,6,Lift
2393,294,0.02,0.0,1.0,6,Lift
2394,295,0.03,-0.03,1.01,6,Lift
2395,296,0.04,-0.03,1.01,6,Lift
2396,297,0.03,-0.04,1.01,6,Lift
2397,298,0.03,-0.03,1.01,6,Lift
2398,299,0.04,-0.03,1.01,6,Lift
2399,300,0.04,-0.04,1.0,6,Lift
2400,301,0.04,-0.04,1.01,6,Lift
2401,302,0.04,-0.04,1.01,6,Lift
2402,303,0.04,-0.04,1.01,6,Lift
2403,304,0.04,-0.04,1.0,6,Lift
2404,305,0.04,-0.03,1.01,6,Lift
2405,306,0.04,-0.04,1.01,6,Lift
2406,307,0.04,-0.04,1.01,6,Lift
2407,308,0.04,-0.04,1.01,6,Lift
2408,309,0.03,-0.03,1.01,6,Lift
2409,310,0.03,-0.04,1.01,6,Lift
2410,311,0.03,-0.04,1.01,6,Lift
2411,312,0.03,-0.04,1.01,6,Lift
2412,313,0.03,-0.04,1.0,6,Lift
2413,314,0.04,-0.03,1.01,6,Lift
2414,315,0.04,-0.04,1.01,6,Lift
2415,316,0.03,-0.04,1.01,6,Lift
2416,317,0.04,-0.03,1.01,6,Lift
2417,318,0.04,-0.04,1.01,6,Lift
2418,319,0.04,-0.04,1.01,6,Lift
2419,320,0.04,-0.04,1.01,6,Lift
2420,321,0.03,-0.03,1.01,6,Lift
2421,322,0.04,-0.04,1.0,6,Lift
2422,323,0.04,-0.03,1.01,6,Lift
2423,324,0.04,-0.04,1.01,6,Lift
2424,325,0.04,-0.04,1.01,6,Lift
2425,326,0.04,-0.04,1.01,6,Lift
2426,327,0.03,-0.03,1.01,6,Lift
2427,328,0.03,-0.04,1.01,6,Lift
2428,329,0.03,-0.04,1.01,6,Lift
2429,330,0.05,-0.04,1.0,6,Lift
2430,331,-0.03,0.03,1.12,6,Lift
2431,332,0.02,-0.01,1.11,6,Lift
2432,333,0.06,-0.03,1.0,6,Lift
2433,334,0.05,-0.07,0.98,6,Lift
2434,335,0.11,-0.08,0.88,6,Lift
2435,336,0.12,-0.07,0.89,6,Lift
2436,337,0.12,-0.04,0.9,6,Lift
2437,338,0.1,-0.05,0.92,6,Lift
2438,339,0.06,-0.02,1.04,6,Lift
2439,340,0.07,-0.0,1.0,6,Lift
2440,341,0.05,-0.06,1.07,6,Lift
2441,342,0.03,-0.0,1.09,6,Lift
2442,343,0.03,-0.03,1.01,6,Lift
2443,344,0.04,-0.03,1.01,6,Lift
2444,345,0.04,-0.04,1.0,6,Lift
2445,346,0.04,-0.04,1.01,6,Lift
2446,347,0.04,-0.04,1.01,6,Lift
2447,348,0.03,-0.04,1.01,6,Lift
2448,349,0.04,-0.04,1.01,6,Lift
2449,350,0.03,-0.03,1.0,6,Lift
2450,351,0.03,-0.04,1.01,6,Lift
2451,352,0.04,-0.04,1.0,6,Lift
2452,353,0.04,-0.04,1.01,6,Lift
2453,354,0.03,-0.04,1.01,6,Lift
2454,355,0.04,-0.04,1.01,6,Lift
2455,356,0.04,-0.03,1.01,6,Lift
2456,357,0.04,-0.03,1.01,6,Lift
2457,358,0.04,-0.03,1.01,6,Lift
2458,359,0.04,-0.03,1.01,6,Lift
2459,360,0.03,-0.03,1.01,6,Lift
2460,361,0.03,-0.04,1.01,6,Lift
2461,362,0.04,-0.04,1.0,6,Lift
2462,363,0.04,-0.03,1.01,6,Lift
2463,364,0.04,-0.04,1.01,6,Lift
2464,365,0.04,-0.03,1.0,6,Lift
2465,366,0.04,-0.04,1.01,6,Lift
2466,367,0.04,-0.04,1.01,6,Lift
2467,368,0.04,-0.04,1.01,6,Lift
2468,369,0.03,-0.04,1.01,6,Lift
2469,370,0.04,-0.04,1.01,6,Lift
2470,371,0.04,-0.03,1.01,6,Lift
2471,372,0.04,-0.04,1.01,6,Lift
2472,373,0.04,-0.04,1.01,6,Lift
2473,374,0.04,-0.04,1.01,6,Lift
2474,375,0.03,-0.03,1.01,6,Lift
2475,376,0.04,-0.03,1.01,6,Lift
2476,377,0.04,-0.04,1.01,6,Lift
2477,378,0.04,-0.04,1.01,6,Lift
2478,379,0.04,-0.03,1.01,6,Lift
2479,380,0.04,-0.04,1.01,6,Lift
2480,381,0.02,-0.02,1.01,6,Lift
2481,382,-0.02,0.02,1.11,6,Lift
2482,383,0.02,0.0,1.09,6,Lift
2483,384,0.04,-0.04,1.02,6,Lift
2484,385,0.06,-0.04,0.96,6,Lift
2485,386,0.09,-0.08,0.95,6,Lift
2486,387,0.11,-0.11,0.94,6,Lift
2487,388,0.13,-0.11,1.0,6,Lift
2488,389,0.16,-0.1,1.0,6,Lift
2489,390,0.16,-0.05,0.96,6,Lift
2490,391,0.12,-0.07,0.85,6,Lift
2491,392,0.08,-0.07,0.91,6,Lift
2492,393,0.07,-0.07,1.02,6,Lift
2493,394,0.02,-0.07,1.12,6,Lift
2494,395,-0.0,-0.03,1.09,6,Lift
2495,396,0.02,-0.04,1.02,6,Lift
2496,397,0.03,-0.04,1.01,6,Lift
2497,398,0.04,-0.04,1.01,6,Lift
2498,399,0.04,-0.04,1.01,6,Lift
2499,400,0.04,-0.04,1.0,6,Lift
2500,401,0.04,-0.04,1.01,6,Lift
2501,402,0.04,-0.03,1.01,6,Lift
2502,403,0.04,-0.04,1.01,6,Lift
2503,404,0.04,-0.04,1.01,6,Lift
2504,405,0.04,-0.03,1.01,6,Lift
2505,406,0.04,-0.04,1.01,6,Lift
2506,407,0.04,-0.03,1.01,6,Lift
2507,408,0.04,-0.03,1.01,6,Lift
2508,409,0.04,-0.04,1.01,6,Lift
2509,410,0.04,-0.04,1.01,6,Lift
2510,411,0.04,-0.04,1.01,6,Lift
2511,412,0.04,-0.04,1.01,6,Lift
2512,413,0.04,-0.03,1.0,6,Lift
2513,414,0.04,-0.03,1.01,6,Lift
2514,415,0.03,-0.03,1.01,6,Lift
2515,416,0.04,-0.04,1.0,6,Lift
2516,417,0.04,-0.04,1.01,6,Lift
2517,418,0.04,-0.04,1.01,6,Lift
2518,419,0.04,-0.03,1.01,6,Lift
2519,420,0.04,-0.03,1.01,6,Lift
2520,421,0.04,-0.04,1.01,6,Lift
2521,422,0.04,-0.04,1.01,6,Lift
2522,423,0.04,-0.03,1.01,6,Lift
2523,424,0.04,-0.04,1.01,6,Lift
2524,425,0.04,-0.04,1.01,6,Lift
2525,426,0.03,-0.03,1.01,6,Lift
2526,427,0.03,-0.03,1.01,6,Lift
2527,428,0.04,-0.03,1.01,6,Lift
2528,429,0.03,-0.04,1.01,6,Lift
2529,430,0.03,-0.03,1.01,6,Lift
2530,431,0.04,-0.03,1.01,6,Lift
2531,432,0.03,-0.03,1.01,6,Lift
2532,433,0.03,-0.0,1.16,6,Lift
2533,434,0.06,-0.08,1.21,6,Lift
2534,435,0.09,-0.05,1.0,6,Lift
2535,436,0.11,-0.07,0.89,6,Lift
2536,437,0.19,-0.09,0.82,6,Lift
2537,438,0.18,-0.0,0.83,6,Lift
2538,439,0.15,-0.12,0.89,6,Lift
2539,440,0.1,0.0,0.99,6,Lift
2540,441,0.07,-0.04,1.07,6,Lift
2541,442,0.04,0.0,1.02,6,Lift
2542,443,0.0,-0.04,1.05,6,Lift
2543,444,0.03,-0.02,1.0,6,Lift
2544,445,0.04,-0.04,1.01,6,Lift
2545,446,0.03,-0.03,1.01,6,Lift
2546,447,0.03,-0.03,1.01,6,Lift
2547,448,0.04,-0.03,1.01,6,Lift
2548,449,0.03,-0.03,1.01,6,Lift
2549,450,0.04,-0.03,1.01,6,Lift
2550,451,0.04,-0.03,1.0,6,Lift
2551,452,0.04,-0.03,1.01,6,Lift
2552,453,0.03,-0.03,1.01,6,Lift
2553,454,0.03,-0.03,1.01,6,Lift
2554,455,0.03,-0.03,1.01,6,Lift
2555,456,0.04,-0.03,1.0,6,Lift
2556,457,0.04,-0.04,1.01,6,Lift
2557,458,0.04,-0.04,1.01,6,Lift
2558,459,0.03,-0.03,1.01,6,Lift
2559,460,0.04,-0.04,1.01,6,Lift
2560,461,0.04,-0.03,1.01,6,Lift
2561,462,0.04,-0.04,1.01,6,Lift
2562,463,0.04,-0.04,1.0,6,Lift
2563,464,0.04,-0.04,1.01,6,Lift
2564,465,0.04,-0.03,1.01,6,Lift
2565,466,0.03,-0.03,1.01,6,Lift
2566,467,0.04,-0.04,1.01,6,Lift
2567,468,0.03,-0.04,1.01,6,Lift
2568,469,0.04,-0.04,1.01,6,Lift
2569,470,0.04,-0.04,1.01,6,Lift
2570,471,0.03,-0.03,1.0,6,Lift
2571,472,0.03,-0.04,1.01,6,Lift
2572,473,0.04,-0.03,1.01,6,Lift
2573,474,0.04,-0.03,1.01,6,Lift
2574,475,0.03,-0.04,1.01,6,Lift
2575,476,0.04,-0.04,1.01,6,Lift
2576,477,0.03,-0.03,1.0,6,Lift
2577,478,0.04,-0.04,1.01,6,Lift
2578,479,0.04,-0.04,1.01,6,Lift
2579,480,0.04,-0.04,1.01,6,Lift
2580,481,0.03,-0.04,1.01,6,Lift
2581,482,0.04,-0.04,1.01,6,Lift
2582,483,0.03,-0.04,1.01,6,Lift
2583,484,0.02,-0.01,1.0,6,Lift
2584,485,0.03,-0.03,1.01,6,Lift
2585,486,0.0,-0.05,1.09,6,Lift
2586,487,0.06,-0.05,0.96,6,Lift
2587,488,0.11,-0.02,0.94,6,Lift
2588,489,0.17,-0.07,0.93,6,Lift
2589,490,0.21,-0.06,0.84,6,Lift
2590,491,0.18,-0.02,0.84,6,Lift
2591,492,0.12,-0.07,1.01,6,Lift
2592,493,0.09,-0.02,1.09,6,Lift
2593,494,0.05,-0.03,1.1,6,Lift
2594,495,0.0,0.01,1.0,6,Lift
2595,496,0.07,0.0,0.88,6,Lift
2596,497,0.04,-0.03,1.01,6,Lift
2597,498,0.04,-0.04,1.01,6,Lift
2598,499,0.04,-0.04,1.01,6,Lift
2599,500,0.04,-0.04,1.01,6,Lift
2600,501,0.04,-0.03,1.0,6,Lift
2601,502,0.04,-0.03,1.01,6,Lift
2602,503,0.04,-0.03,1.01,6,Lift
2603,504,0.03,-0.04,1.01,6,Lift
2604,505,0.03,-0.03,1.01,6,Lift
2605,506,0.04,-0.03,1.0,6,Lift
2606,507,0.04,-0.03,1.0,6,Lift
2607,508,0.04,-0.03,1.01,6,Lift
2608,509,0.03,-0.03,1.01,6,Lift
2609,510,0.04,-0.03,1.01,6,Lift
2610,511,0.03,-0.04,1.01,6,Lift
2611,512,0.04,-0.04,1.01,6,Lift
2612,513,0.04,-0.03,1.01,6,Lift
2613,514,0.04,-0.03,1.01,6,Lift
2614,515,0.03,-0.03,1.01,6,Lift
2615,516,0.04,-0.03,1.01,6,Lift
2616,517,0.04,-0.04,1.01,6,Lift
2617,518,0.04,-0.04,1.0,6,Lift
2618,519,0.03,-0.04,1.01,6,Lift
2619,520,0.04,-0.03,1.01,6,Lift
2620,521,0.04,-0.04,1.01,6,Lift
2621,522,0.04,-0.03,1.01,6,Lift
2622,523,0.03,-0.03,1.01,6,Lift
2623,524,0.04,-0.04,1.01,6,Lift
2624,525,0.04,-0.03,1.01,6,Lift
2625,526,0.03,-0.03,1.01,6,Lift
2626,527,0.04,-0.03,1.0,6,Lift
2627,528,0.04,-0.03,1.01,6,Lift
2628,529,0.04,-0.03,1.01,6,Lift
2629,530,0.04,-0.03,1.01,6,Lift
2630,531,0.04,-0.03,1.01,6,Lift
2631,532,0.04,-0.04,1.01,6,Lift
2632,533,0.04,-0.04,1.01,6,Lift
2633,534,0.04,-0.03,1.01,6,Lift
2634,535,0.04,-0.03,1.0,6,Lift
2635,536,0.04,-0.03,1.0,6,Lift
2636,537,0.03,-0.03,1.01,6,Lift
2637,538,0.04,-0.04,1.01,6,Lift
2638,539,0.04,-0.04,1.0,6,Lift
2639,540,0.04,-0.03,1.01,6,Lift
2640,541,-0.02,0.0,1.14,6,Lift
2641,542,0.0,-0.18,1.56,6,Lift
2642,543,0.0,-0.16,1.25,6,Lift
2643,544,0.11,-0.12,0.86,6,Lift
2644,545,0.14,-0.02,0.85,6,Lift
2645,546,0.17,-0.08,0.91,6,Lift
2646,547,0.12,-0.08,0.86,6,Lift
2647,548,0.11,-0.05,0.98,6,Lift
2648,549,0.06,0.04,1.09,6,Lift
2649,550,0.03,0.04,1.06,6,Lift
2650,551,0.03,0.0,0.97,6,Lift
2651,552,0.05,-0.02,0.99,6,Lift
2652,553,0.04,-0.04,1.0,6,Lift
2653,554,0.04,-0.04,1.01,6,Lift
2654,555,0.04,-0.04,1.01,6,Lift
2655,556,0.04,-0.03,1.01,6,Lift
2656,557,0.04,-0.04,1.0,6,Lift
2657,558,0.04,-0.04,1.01,6,Lift
2658,559,0.04,-0.04,1.01,6,Lift
2659,560,0.03,-0.04,1.01,6,Lift
2660,561,0.03,-0.03,1.01,6,Lift
2661,562,0.04,-0.04,1.01,6,Lift
2662,563,0.04,-0.04,1.01,6,Lift
2663,564,0.04,-0.04,1.01,6,Lift
2664,565,0.03,-0.02,1.01,6,Lift
2665,566,0.04,-0.03,1.01,6,Lift
2666,567,0.03,-0.03,1.01,6,Lift
2667,568,0.04,-0.04,1.01,6,Lift
2668,569,0.04,-0.04,1.01,6,Lift
2669,570,0.04,-0.04,1.01,6,Lift
2670,571,0.04,-0.03,1.01,6,Lift
2671,572,0.03,-0.04,1.01,6,Lift
2672,573,0.03,-0.04,1.01,6,Lift
2673,574,0.04,-0.04,1.01,6,Lift
2674,575,0.04,-0.04,1.0,6,Lift
2675,576,0.04,-0.04,1.01,6,Lift
2676,577,0.04,-0.03,1.01,6,Lift
